SystemCode,SystemCN,SystemEN,SubSystemCN,報修徵狀,故障零組件,故障原因
TS,電聯車系統,TramSystem,車門系統,門機總成異常,其他,其他
TS,電聯車系統,TramSystem,車門系統,門機總成異常,其他,暫態(不需重置)
TS,電聯車系統,TramSystem,車門系統,門機總成異常,其他,暫態(需重置)
TS,電聯車系統,TramSystem,車門系統,門機總成異常,端子台,其他
TS,電聯車系統,TramSystem,車門系統,門機總成異常,端子台,組件故障
TS,電聯車系統,TramSystem,車門系統,門機總成異常,車門線組,其他
TS,電聯車系統,TramSystem,車門系統,門機總成異常,車門線組,鏽蝕
TS,電聯車系統,TramSystem,車門系統,門機總成異常,車門線組,干涉
TS,電聯車系統,TramSystem,車門系統,門機總成異常,驅動馬達,其他
TS,電聯車系統,TramSystem,車門系統,門機總成異常,驅動馬達,組件故障
TS,電聯車系統,TramSystem,車門系統,門機總成異常,驅動馬達,浸水
TS,電聯車系統,TramSystem,車門系統,門機總成異常,編碼器,其他
TS,電聯車系統,TramSystem,車門系統,門機總成異常,編碼器,暫態(不需重置)
TS,電聯車系統,TramSystem,車門系統,門機總成異常,編碼器,暫態(需重置)
TS,電聯車系統,TramSystem,車門系統,門機總成異常,編碼器,組件故障
TS,電聯車系統,TramSystem,車門系統,門機總成異常,緊急開門裝置(極限開關),其他
TS,電聯車系統,TramSystem,車門系統,門機總成異常,緊急開門裝置(極限開關),組件故障
TS,電聯車系統,TramSystem,車門系統,門機總成異常,緊急開門裝置(極限開關),鏽蝕
TS,電聯車系統,TramSystem,車門系統,門機總成異常,門機支架,組件故障
TS,電聯車系統,TramSystem,車門系統,門機總成異常,齒型板,組件故障
TS,電聯車系統,TramSystem,車門系統,門機總成異常,鎖定裝置(極限開關),其他
TS,電聯車系統,TramSystem,車門系統,門機總成異常,鎖定裝置(極限開關),組件故障
TS,電聯車系統,TramSystem,車門系統,門機總成異常,鎖定裝置(極限開關),鏽蝕
TS,電聯車系統,TramSystem,車門系統,門機總成異常,齒型皮帶,其他
TS,電聯車系統,TramSystem,車門系統,門機總成異常,齒型皮帶,斷裂
TS,電聯車系統,TramSystem,車門系統,門機總成異常,齒型皮帶,組件故障
TS,電聯車系統,TramSystem,車門系統,門機總成異常,門扇支架,其他
TS,電聯車系統,TramSystem,車門系統,門機總成異常,門扇支架,組件故障
TS,電聯車系統,TramSystem,車門系統,門機總成異常,導軌,其他
TS,電聯車系統,TramSystem,車門系統,門機總成異常,導軌,組件故障
TS,電聯車系統,TramSystem,車門系統,門機總成異常,電纜線保護鏈,其他
TS,電聯車系統,TramSystem,車門系統,門機總成異常,電纜線保護鏈,組件故障
TS,電聯車系統,TramSystem,車門系統,門機總成異常,皮帶支架,其他
TS,電聯車系統,TramSystem,車門系統,門機總成異常,皮帶支架,組件故障
TS,電聯車系統,TramSystem,車門系統,門機總成異常,導管,其他
TS,電聯車系統,TramSystem,車門系統,門機總成異常,導管,組件故障
TS,電聯車系統,TramSystem,車門系統,門機總成異常,車門控制單元(DCU),其他
TS,電聯車系統,TramSystem,車門系統,門機總成異常,車門控制單元(DCU),暫態(需重置)
TS,電聯車系統,TramSystem,車門系統,門機總成異常,車門控制單元(DCU),暫態(不需重置)
TS,電聯車系統,TramSystem,車門系統,門機總成異常,車門控制單元(DCU),組件故障
TS,電聯車系統,TramSystem,車門系統,門機總成異常,車門控制單元(DCU),浸水
TS,電聯車系統,TramSystem,車門系統,門機總成異常,緩衝止擋(門機),組件故障
TS,電聯車系統,TramSystem,車門系統,門機總成異常,緩衝止擋(門扇),組件故障
TS,電聯車系統,TramSystem,車門系統,門機總成異常,選擇性強制開/關門按鈕,其他
TS,電聯車系統,TramSystem,車門系統,門機總成異常,選擇性強制開/關門按鈕,組件故障
TS,電聯車系統,TramSystem,車門系統,門機總成異常,門控機構及相關附件,組件故障
TS,電聯車系統,TramSystem,車門系統,門機總成異常,LED警示燈,其他
TS,電聯車系統,TramSystem,車門系統,門機總成異常,LED警示燈,組件故障
TS,電聯車系統,TramSystem,車門系統,門扇總成異常,其他,其他
TS,電聯車系統,TramSystem,車門系統,門扇總成異常,其他,暫態(不需重置)
TS,電聯車系統,TramSystem,車門系統,門扇總成異常,其他,暫態(需重置)
TS,電聯車系統,TramSystem,車門系統,門扇總成異常,門扇總成,組件故障
TS,電聯車系統,TramSystem,車門系統,門扇總成異常,旅客進出車門門扇(不含防夾邊)左,組件故障
TS,電聯車系統,TramSystem,車門系統,門扇總成異常,旅客進出車門門扇(含防夾邊)右,組件故障
TS,電聯車系統,TramSystem,車門系統,門扇總成異常,防夾膠條,組件故障
TS,電聯車系統,TramSystem,車門系統,門扇總成異常,車門按鈕(CAPTRON),組件故障
TS,電聯車系統,TramSystem,車門系統,門扇總成異常,車門按鈕(CAPTRON),暫態(不需重置)
TS,電聯車系統,TramSystem,車門系統,門扇總成異常,車門按鈕(CAPTRON),暫態(需重置)
TS,電聯車系統,TramSystem,車門系統,門扇總成異常,鎖定裝置(導入角),其他
TS,電聯車系統,TramSystem,車門系統,門扇總成異常,鎖定裝置(導入角),組件故障
TS,電聯車系統,TramSystem,車門系統,門扇總成異常,下導軌,組件故障
TS,電聯車系統,TramSystem,車門系統,門扇總成異常,封橡膠(短),組件故障
TS,電聯車系統,TramSystem,車門系統,門扇總成異常,密封橡膠(長),組件故障
TS,電聯車系統,TramSystem,車門系統,門扇總成異常,手動隔離裝置(鎖具),組件故障
TS,電聯車系統,TramSystem,車門系統,門扇總成異常,手動隔離裝置(極限開關),其他
TS,電聯車系統,TramSystem,車門系統,門扇總成異常,手動隔離裝置(極限開關),組件故障
TS,電聯車系統,TramSystem,車門系統,門扇總成異常,手動隔離裝置(極限開關),鏽蝕
TS,電聯車系統,TramSystem,車門系統,門扇總成異常,蜂鳴器,其他
TS,電聯車系統,TramSystem,車門系統,門扇總成異常,蜂鳴器,組件故障
TS,電聯車系統,TramSystem,車門系統,門扇總成異常,旋轉立柱總成(左),組件故障
TS,電聯車系統,TramSystem,車門系統,門扇總成異常,旋轉立柱總成(右),組件故障
TS,電聯車系統,TramSystem,車門系統,門扇總成異常,連接板(左),組件故障
TS,電聯車系統,TramSystem,車門系統,門扇總成異常,連接板(右),組件故障
TS,電聯車系統,TramSystem,車門系統,門扇總成異常,上密封框總成,組件故障
TS,電聯車系統,TramSystem,車門系統,門扇總成異常,側密封框總成(左),組件故障
TS,電聯車系統,TramSystem,車門系統,門扇總成異常,側密封框總成(右),組件故障
TS,電聯車系統,TramSystem,車門系統,門扇總成異常,下密封框,組件故障
TS,電聯車系統,TramSystem,車門系統,旋轉立柱異常,其他,其他
TS,電聯車系統,TramSystem,車門系統,旋轉立柱異常,其他,組件故障
TS,電聯車系統,TramSystem,車門系統,旋轉立柱異常,軸承,其他
TS,電聯車系統,TramSystem,車門系統,旋轉立柱異常,軸承,組件故障
TS,電聯車系統,TramSystem,車門系統,旋轉立柱異常,軸承,浸水
TS,電聯車系統,TramSystem,車門系統,旋轉立柱異常,軸承,干涉
TS,電聯車系統,TramSystem,車門系統,旋轉立柱異常,鎖定軸,其他
TS,電聯車系統,TramSystem,車門系統,旋轉立柱異常,鎖定軸,組件故障
TS,電聯車系統,TramSystem,車門系統,旋轉立柱異常,加壓輪,其他
TS,電聯車系統,TramSystem,車門系統,旋轉立柱異常,加壓輪,遺失
TS,電聯車系統,TramSystem,車門系統,旋轉立柱異常,加壓輪,組件故障
TS,電聯車系統,TramSystem,車門系統,旋轉立柱異常,下滾輪,其他
TS,電聯車系統,TramSystem,車門系統,旋轉立柱異常,下滾輪,干涉
TS,電聯車系統,TramSystem,車門系統,旋轉立柱異常,下滾輪,組件故障
TS,電聯車系統,TramSystem,車門系統,旋轉立柱異常,滾輪(含防塵蓋),其他
TS,電聯車系統,TramSystem,車門系統,旋轉立柱異常,滾輪(含防塵蓋),干涉
TS,電聯車系統,TramSystem,車門系統,旋轉立柱異常,滾輪(含防塵蓋),組件故障
TS,電聯車系統,TramSystem,車門系統,旋轉立柱異常,防鬆脫螺帽,其他
TS,電聯車系統,TramSystem,車門系統,旋轉立柱異常,防鬆脫螺帽,遺失
TS,電聯車系統,TramSystem,車門系統,緊急開門裝置異常,其他,其他
TS,電聯車系統,TramSystem,車門系統,緊急開門裝置異常,其他,組件故障
TS,電聯車系統,TramSystem,車門系統,緊急開門裝置異常,車內緊急開門裝置,組件故障
TS,電聯車系統,TramSystem,車門系統,緊急開門裝置異常,鋼索(車內),組件故障
TS,電聯車系統,TramSystem,車門系統,緊急開門裝置異常,車外緊急開門裝置,組件故障
TS,電聯車系統,TramSystem,車門系統,緊急開門裝置異常,防水橡膠套(開門裝置),組件故障
TS,電聯車系統,TramSystem,車門系統,緊急開門裝置異常,鋼索(車外),組件故障
TS,電聯車系統,TramSystem,車門系統,滑台座異常,其他,其他
TS,電聯車系統,TramSystem,車門系統,滑台座異常,其他,組件故障
TS,電聯車系統,TramSystem,車門系統,滑台座異常,滑台座,其他
TS,電聯車系統,TramSystem,車門系統,滑台座異常,滑台座,組件故障
TS,電聯車系統,TramSystem,車門系統,滑台座異常,滑台座,鏽蝕
TS,電聯車系統,TramSystem,車門系統,滑台座異常,密封墊圈,組件故障
TS,電聯車系統,TramSystem,車門系統,滑台座異常,固定螺絲,組件故障
TS,電聯車系統,TramSystem,車門系統,滑台座異常,軸承螺栓 ,組件故障
TS,電聯車系統,TramSystem,車門系統,滑台座異常,滾針軸承(原廠),組件故障
TS,電聯車系統,TramSystem,車門系統,滑台座異常,滾針軸承(原廠),鏽蝕
TS,電聯車系統,TramSystem,車門系統,滑台座異常,滾針軸承(新),組件故障
TS,電聯車系統,TramSystem,車門系統,滑台座異常,滾針軸承(新),鏽蝕
TS,電聯車系統,TramSystem,車門系統,滑台座異常,旋轉臂 (左),組件故障
TS,電聯車系統,TramSystem,車門系統,滑台座異常,旋轉臂(右),組件故障
TS,電聯車系統,TramSystem,車門系統,滑台座異常,軸向盤,組件故障
TS,電聯車系統,TramSystem,車門系統,滑台座異常,滾針止推軸承,鏽蝕
TS,電聯車系統,TramSystem,車門系統,滑台座異常,滾針止推軸承,組件故障
TS,電聯車系統,TramSystem,車門系統,其他異常,第一道開門開關(車外),組件故障
TS,電聯車系統,TramSystem,車門系統,其他異常,無(查無故障),其他
TS,電聯車系統,TramSystem,車門系統,電氣控制元件異常,斷路器(ABB S201MT-Z1A),組件故障
TS,電聯車系統,TramSystem,車門系統,電氣控制元件異常,斷路器(ABB S201MT-B16A),組件故障
TS,電聯車系統,TramSystem,車門系統,電氣控制元件異常,薄型繼電器(Weidmueller MCZ R 24Vdc 1COTRAK),組件故障
TS,電聯車系統,Tram System,車間連結系統,關節式聯結裝置與車間走道 1 (M1&M2間、M4&M5間)異常,其他,其他
TS,電聯車系統,Tram System,車間連結系統,關節式聯結裝置與車間走道 1 (M1&M2間、M4&M5間)異常,其他,組件故障
TS,電聯車系統,Tram System,車間連結系統,關節式聯結裝置與車間走道 1 (M1&M2間、M4&M5間)異常,關節式聯結裝置與車間走道 1總成,組件故障
TS,電聯車系統,Tram System,車間連結系統,關節式聯結裝置與車間走道 1 (M1&M2間、M4&M5間)異常,上側護罩 ,組件故障
TS,電聯車系統,Tram System,車間連結系統,關節式聯結裝置與車間走道 1 (M1&M2間、M4&M5間)異常,空調風道 L,組件故障
TS,電聯車系統,Tram System,車間連結系統,關節式聯結裝置與車間走道 1 (M1&M2間、M4&M5間)異常,空調風道 R,組件故障
TS,電聯車系統,Tram System,車間連結系統,關節式聯結裝置與車間走道 1 (M1&M2間、M4&M5間)異常,空調風道 與外側折篷 聯接板 ,遺失
TS,電聯車系統,Tram System,車間連結系統,關節式聯結裝置與車間走道 1 (M1&M2間、M4&M5間)異常,空調風道 與外側折篷 聯接板 ,組件故障
TS,電聯車系統,Tram System,車間連結系統,關節式聯結裝置與車間走道 1 (M1&M2間、M4&M5間)異常,空調風道鎖環 ,遺失
TS,電聯車系統,Tram System,車間連結系統,關節式聯結裝置與車間走道 1 (M1&M2間、M4&M5間)異常,空調風道鎖環 ,組件故障
TS,電聯車系統,Tram System,車間連結系統,關節式聯結裝置與車間走道 1 (M1&M2間、M4&M5間)異常,空調風道鋁壓接固定片 ,組件故障
TS,電聯車系統,Tram System,車間連結系統,關節式聯結裝置與車間走道 1 (M1&M2間、M4&M5間)異常,內側折篷 ,組件故障
TS,電聯車系統,Tram System,車間連結系統,關節式聯結裝置與車間走道 1 (M1&M2間、M4&M5間)異常,上側鉸接式 關節式聯結裝置 ,組件故障
TS,電聯車系統,Tram System,車間連結系統,關節式聯結裝置與車間走道 1 (M1&M2間、M4&M5間)異常,上側鉸接式 關節式聯結裝置 導向座 ,組件故障
TS,電聯車系統,Tram System,車間連結系統,關節式聯結裝置與車間走道 1 (M1&M2間、M4&M5間)異常,上側鉸接式 關節式聯結裝置 三角導桿 ,組件故障
TS,電聯車系統,Tram System,車間連結系統,關節式聯結裝置與車間走道 1 (M1&M2間、M4&M5間)異常,上側鉸接式 關節式聯結裝置 導桿支撐座 ,組件故障
TS,電聯車系統,Tram System,車間連結系統,關節式聯結裝置與車間走道 1 (M1&M2間、M4&M5間)異常,外側折篷 ,組件故障
TS,電聯車系統,Tram System,車間連結系統,關節式聯結裝置與車間走道 1 (M1&M2間、M4&M5間)異常,橡膠封條 ,組件故障
TS,電聯車系統,Tram System,車間連結系統,關節式聯結裝置與車間走道 1 (M1&M2間、M4&M5間)異常,鋁合金邊框 ,組件故障
TS,電聯車系統,Tram System,車間連結系統,關節式聯結裝置與車間走道 1 (M1&M2間、M4&M5間)異常,折篷 上隔板 (特殊織布) ,組件故障
TS,電聯車系統,Tram System,車間連結系統,關節式聯結裝置與車間走道 1 (M1&M2間、M4&M5間)異常,折篷下隔板 (不鏽鋼) ,組件故障
TS,電聯車系統,Tram System,車間連結系統,關節式聯結裝置與車間走道 1 (M1&M2間、M4&M5間)異常,轉盤 間隙封條 ,組件故障
TS,電聯車系統,Tram System,車間連結系統,關節式聯結裝置與車間走道 1 (M1&M2間、M4&M5間)異常,轉盤 ,其他
TS,電聯車系統,Tram System,車間連結系統,關節式聯結裝置與車間走道 1 (M1&M2間、M4&M5間)異常,轉盤 ,異音
TS,電聯車系統,Tram System,車間連結系統,關節式聯結裝置與車間走道 1 (M1&M2間、M4&M5間)異常,轉盤 ,鬆脫
TS,電聯車系統,Tram System,車間連結系統,關節式聯結裝置與車間走道 1 (M1&M2間、M4&M5間)異常,轉盤 ,組件故障
TS,電聯車系統,Tram System,車間連結系統,關節式聯結裝置與車間走道 1 (M1&M2間、M4&M5間)異常,轉盤支撐滑塊,組件故障
TS,電聯車系統,Tram System,車間連結系統,關節式聯結裝置與車間走道 1 (M1&M2間、M4&M5間)異常,轉盤旋轉拘束 ,組件故障
TS,電聯車系統,Tram System,車間連結系統,關節式聯結裝置與車間走道 1 (M1&M2間、M4&M5間)異常,轉盤中央地板 固定裝置 ,組件故障
TS,電聯車系統,Tram System,車間連結系統,關節式聯結裝置與車間走道 1 (M1&M2間、M4&M5間)異常,下側關節式聯結裝置 ,組件故障
TS,電聯車系統,Tram System,車間連結系統,關節式聯結裝置與車間走道 1 (M1&M2間、M4&M5間)異常,下側關節式聯結裝置 軸承座 ,組件故障
TS,電聯車系統,Tram System,車間連結系統,關節式聯結裝置與車間走道 1 (M1&M2間、M4&M5間)異常,緊固件,遺失
TS,電聯車系統,Tram System,車間連結系統,關節式聯結裝置與車間走道 1 (M1&M2間、M4&M5間)異常,緊固件,鬆脫
TS,電聯車系統,Tram System,車間連結系統,關節式聯結裝置與車間走道 1 (M1&M2間、M4&M5間)異常,緊固件,組件故障
TS,電聯車系統,Tram System,車間連結系統,關節式聯結裝置與車間走道 1 (M1&M2間、M4&M5間)異常,接地系統,遺失
TS,電聯車系統,Tram System,車間連結系統,關節式聯結裝置與車間走道 1 (M1&M2間、M4&M5間)異常,接地系統,組件故障
TS,電聯車系統,Tram System,車間連結系統,關節式聯結裝置與車間走道 1 (M1&M2間、M4&M5間)異常,轉盤鉸鍊,組件故障
TS,電聯車系統,Tram System,車間連結系統,關節式聯結裝置與車間走道 2 (M2&M3間)異常,其他,其他
TS,電聯車系統,Tram System,車間連結系統,關節式聯結裝置與車間走道 2 (M2&M3間)異常,其他,組件故障
TS,電聯車系統,Tram System,車間連結系統,關節式聯結裝置與車間走道 2 (M2&M3間)異常,關節式聯結裝置與車間走道 2總成,組件故障
TS,電聯車系統,Tram System,車間連結系統,關節式聯結裝置與車間走道 2 (M2&M3間)異常,上側護罩 ,組件故障
TS,電聯車系統,Tram System,車間連結系統,關節式聯結裝置與車間走道 2 (M2&M3間)異常,空調風道,組件故障
TS,電聯車系統,Tram System,車間連結系統,關節式聯結裝置與車間走道 2 (M2&M3間)異常,空調風道 與外側折篷 聯接板 ,遺失
TS,電聯車系統,Tram System,車間連結系統,關節式聯結裝置與車間走道 2 (M2&M3間)異常,空調風道 與外側折篷 聯接板 ,組件故障
TS,電聯車系統,Tram System,車間連結系統,關節式聯結裝置與車間走道 2 (M2&M3間)異常,空調風道鎖環 ,遺失
TS,電聯車系統,Tram System,車間連結系統,關節式聯結裝置與車間走道 2 (M2&M3間)異常,空調風道鎖環 ,組件故障
TS,電聯車系統,Tram System,車間連結系統,關節式聯結裝置與車間走道 2 (M2&M3間)異常,空調風道鋁壓接固定片 ,組件故障
TS,電聯車系統,Tram System,車間連結系統,關節式聯結裝置與車間走道 2 (M2&M3間)異常,內側折篷 ,組件故障
TS,電聯車系統,Tram System,車間連結系統,關節式聯結裝置與車間走道 2 (M2&M3間)異常,上側俯仰式 關節式聯結裝置 ,組件故障
TS,電聯車系統,Tram System,車間連結系統,關節式聯結裝置與車間走道 2 (M2&M3間)異常,上側俯仰式 關節式聯結裝置 支架 ,組件故障
TS,電聯車系統,Tram System,車間連結系統,關節式聯結裝置與車間走道 2 (M2&M3間)異常,上側俯仰式 關節式聯結裝置 軸承座 ,組件故障
TS,電聯車系統,Tram System,車間連結系統,關節式聯結裝置與車間走道 2 (M2&M3間)異常,上側俯仰式 關節式聯結裝置 關節接頭,組件故障
TS,電聯車系統,Tram System,車間連結系統,關節式聯結裝置與車間走道 2 (M2&M3間)異常,上側俯仰式 關節式聯結裝置 連桿(橫拉桿)  ,組件故障
TS,電聯車系統,Tram System,車間連結系統,關節式聯結裝置與車間走道 2 (M2&M3間)異常,外側折篷 ,組件故障
TS,電聯車系統,Tram System,車間連結系統,關節式聯結裝置與車間走道 2 (M2&M3間)異常,橡膠封條 ,組件故障
TS,電聯車系統,Tram System,車間連結系統,關節式聯結裝置與車間走道 2 (M2&M3間)異常,鋁合金邊框 ,組件故障
TS,電聯車系統,Tram System,車間連結系統,關節式聯結裝置與車間走道 2 (M2&M3間)異常,折篷 上隔板 (特殊織布) ,組件故障
TS,電聯車系統,Tram System,車間連結系統,關節式聯結裝置與車間走道 2 (M2&M3間)異常,折篷下隔板 (不鏽鋼) ,組件故障
TS,電聯車系統,Tram System,車間連結系統,關節式聯結裝置與車間走道 2 (M2&M3間)異常,轉盤 間隙封條 ,組件故障
TS,電聯車系統,Tram System,車間連結系統,關節式聯結裝置與車間走道 2 (M2&M3間)異常,轉盤 ,其他
TS,電聯車系統,Tram System,車間連結系統,關節式聯結裝置與車間走道 2 (M2&M3間)異常,轉盤 ,異音
TS,電聯車系統,Tram System,車間連結系統,關節式聯結裝置與車間走道 2 (M2&M3間)異常,轉盤 ,鬆脫
TS,電聯車系統,Tram System,車間連結系統,關節式聯結裝置與車間走道 2 (M2&M3間)異常,轉盤 ,組件故障
TS,電聯車系統,Tram System,車間連結系統,關節式聯結裝置與車間走道 2 (M2&M3間)異常,轉盤支撐滑塊,組件故障
TS,電聯車系統,Tram System,車間連結系統,關節式聯結裝置與車間走道 2 (M2&M3間)異常,轉盤旋轉拘束 ,組件故障
TS,電聯車系統,Tram System,車間連結系統,關節式聯結裝置與車間走道 2 (M2&M3間)異常,轉盤中央地板 固定裝置 ,組件故障
TS,電聯車系統,Tram System,車間連結系統,關節式聯結裝置與車間走道 2 (M2&M3間)異常,下側關節式聯結裝置 ,組件故障
TS,電聯車系統,Tram System,車間連結系統,關節式聯結裝置與車間走道 2 (M2&M3間)異常,下側關節式聯結裝置 軸承座 ,組件故障
TS,電聯車系統,Tram System,車間連結系統,關節式聯結裝置與車間走道 2 (M2&M3間)異常,緊固件,遺失
TS,電聯車系統,Tram System,車間連結系統,關節式聯結裝置與車間走道 2 (M2&M3間)異常,緊固件,鬆脫
TS,電聯車系統,Tram System,車間連結系統,關節式聯結裝置與車間走道 2 (M2&M3間)異常,緊固件,組件故障
TS,電聯車系統,Tram System,車間連結系統,關節式聯結裝置與車間走道 2 (M2&M3間)異常,接地系統,遺失
TS,電聯車系統,Tram System,車間連結系統,關節式聯結裝置與車間走道 2 (M2&M3間)異常,接地系統,組件故障
TS,電聯車系統,Tram System,車間連結系統,關節式聯結裝置與車間走道 2 (M2&M3間)異常,轉盤鉸鍊,組件故障
TS,電聯車系統,Tram System,車間連結系統,關節式聯結裝置與車間走道 3 (M3&M4間)異常,其他,其他
TS,電聯車系統,Tram System,車間連結系統,關節式聯結裝置與車間走道 3 (M3&M4間)異常,其他,組件故障
TS,電聯車系統,Tram System,車間連結系統,關節式聯結裝置與車間走道 3 (M3&M4間)異常,關節式聯結裝置與車間走道 3 總成,組件故障
TS,電聯車系統,Tram System,車間連結系統,關節式聯結裝置與車間走道 3 (M3&M4間)異常,上側護罩 ,組件故障
TS,電聯車系統,Tram System,車間連結系統,關節式聯結裝置與車間走道 3 (M3&M4間)異常,空調風道,組件故障
TS,電聯車系統,Tram System,車間連結系統,關節式聯結裝置與車間走道 3 (M3&M4間)異常,空調風道 與外側折篷 聯接板 ,遺失
TS,電聯車系統,Tram System,車間連結系統,關節式聯結裝置與車間走道 3 (M3&M4間)異常,空調風道 與外側折篷 聯接板 ,組件故障
TS,電聯車系統,Tram System,車間連結系統,關節式聯結裝置與車間走道 3 (M3&M4間)異常,空調風道鎖環 ,遺失
TS,電聯車系統,Tram System,車間連結系統,關節式聯結裝置與車間走道 3 (M3&M4間)異常,空調風道鎖環 ,組件故障
TS,電聯車系統,Tram System,車間連結系統,關節式聯結裝置與車間走道 3 (M3&M4間)異常,空調風道鋁壓接固定片 ,組件故障
TS,電聯車系統,Tram System,車間連結系統,關節式聯結裝置與車間走道 3 (M3&M4間)異常,內側折篷 ,組件故障
TS,電聯車系統,Tram System,車間連結系統,關節式聯結裝置與車間走道 3 (M3&M4間)異常,上側鉸接式 關節式聯結裝置,組件故障
TS,電聯車系統,Tram System,車間連結系統,關節式聯結裝置與車間走道 3 (M3&M4間)異常,上側鉸接式 關節式聯結裝置 導向座 ,組件故障
TS,電聯車系統,Tram System,車間連結系統,關節式聯結裝置與車間走道 3 (M3&M4間)異常,上側鉸接式 關節式聯結裝置 三角導桿 ,組件故障
TS,電聯車系統,Tram System,車間連結系統,關節式聯結裝置與車間走道 3 (M3&M4間)異常,上側鉸接式 關節式聯結裝置 導桿支撐座 ,組件故障
TS,電聯車系統,Tram System,車間連結系統,關節式聯結裝置與車間走道 3 (M3&M4間)異常,外側折篷 ,組件故障
TS,電聯車系統,Tram System,車間連結系統,關節式聯結裝置與車間走道 3 (M3&M4間)異常,橡膠封條 ,組件故障
TS,電聯車系統,Tram System,車間連結系統,關節式聯結裝置與車間走道 3 (M3&M4間)異常,鋁合金邊框 ,組件故障
TS,電聯車系統,Tram System,車間連結系統,關節式聯結裝置與車間走道 3 (M3&M4間)異常,折篷 上隔板 (特殊織布) ,組件故障
TS,電聯車系統,Tram System,車間連結系統,關節式聯結裝置與車間走道 3 (M3&M4間)異常,折篷下隔板 (不鏽鋼) ,組件故障
TS,電聯車系統,Tram System,車間連結系統,關節式聯結裝置與車間走道 3 (M3&M4間)異常,轉盤 間隙封條 ,組件故障
TS,電聯車系統,Tram System,車間連結系統,關節式聯結裝置與車間走道 3 (M3&M4間)異常,轉盤 ,其他
TS,電聯車系統,Tram System,車間連結系統,關節式聯結裝置與車間走道 3 (M3&M4間)異常,轉盤 ,異音
TS,電聯車系統,Tram System,車間連結系統,關節式聯結裝置與車間走道 3 (M3&M4間)異常,轉盤 ,鬆脫
TS,電聯車系統,Tram System,車間連結系統,關節式聯結裝置與車間走道 3 (M3&M4間)異常,轉盤 ,組件故障
TS,電聯車系統,Tram System,車間連結系統,關節式聯結裝置與車間走道 3 (M3&M4間)異常,轉盤支撐滑塊,組件故障
TS,電聯車系統,Tram System,車間連結系統,關節式聯結裝置與車間走道 3 (M3&M4間)異常,轉盤旋轉拘束 ,組件故障
TS,電聯車系統,Tram System,車間連結系統,關節式聯結裝置與車間走道 3 (M3&M4間)異常,轉盤中央地板 固定裝置 ,組件故障
TS,電聯車系統,Tram System,車間連結系統,關節式聯結裝置與車間走道 3 (M3&M4間)異常,下側關節式聯結裝置 ,組件故障
TS,電聯車系統,Tram System,車間連結系統,關節式聯結裝置與車間走道 3 (M3&M4間)異常,下側關節式聯結裝置 軸承座 ,組件故障
TS,電聯車系統,Tram System,車間連結系統,關節式聯結裝置與車間走道 3 (M3&M4間)異常,緊固件,遺失
TS,電聯車系統,Tram System,車間連結系統,關節式聯結裝置與車間走道 3 (M3&M4間)異常,緊固件,鬆脫
TS,電聯車系統,Tram System,車間連結系統,關節式聯結裝置與車間走道 3 (M3&M4間)異常,緊固件,組件故障
TS,電聯車系統,Tram System,車間連結系統,關節式聯結裝置與車間走道 3 (M3&M4間)異常,接地系統 ,遺失
TS,電聯車系統,Tram System,車間連結系統,關節式聯結裝置與車間走道 3 (M3&M4間)異常,接地系統 ,組件故障
TS,電聯車系統,Tram System,車間連結系統,關節式聯結裝置與車間走道 3 (M3&M4間)異常,轉盤鉸鍊,組件故障
TS,電聯車系統,Tram System,車間連結系統,車端/車間電氣聯結裝置異常,其他,其他
TS,電聯車系統,Tram System,車間連結系統,車端/車間電氣聯結裝置異常,其他,組件故障
TS,電聯車系統,Tram System,車間連結系統,車端/車間電氣聯結裝置異常,車端/車間電氣聯結裝置總成,組件故障
TS,電聯車系統,Tram System,車間連結系統,車端/車間電氣聯結裝置異常,車端聯結裝置 ,組件故障
TS,電聯車系統,Tram System,車間連結系統,車端/車間電氣聯結裝置異常,緊固件,遺失
TS,電聯車系統,Tram System,車間連結系統,車端/車間電氣聯結裝置異常,緊固件,鬆脫
TS,電聯車系統,Tram System,車間連結系統,車端/車間電氣聯結裝置異常,緊固件,組件故障
TS,電聯車系統,Tram System,車間連結系統,車端/車間電氣聯結裝置異常,橡膠元件,組件故障
TS,電聯車系統,Tram System,車間連結系統,車端/車間電氣聯結裝置異常,橡膠元件,遺失
TS,電聯車系統,Tram System,車間連結系統,車端/車間電氣聯結裝置異常,機構件,組件故障
TS,電聯車系統,Tram System,車間連結系統,車端/車間電氣聯結裝置異常,電氣元件,組件故障
TS,電聯車系統,Tram System,車間連結系統,車端/車間電氣聯結裝置異常,電氣元件,遺失
TS,電聯車系統,Tram System,車間連結系統,車端/車間電氣聯結裝置異常,軸承類,組件故障
TS,電聯車系統,Tram System,車間連結系統,車端/車間電氣聯結裝置異常,軸承類,異音
TS,電聯車系統,Tram System,車間連結系統,車端/車間電氣聯結裝置異常,軸承類,鏽蝕
TS,電聯車系統,Tram System,車間連結系統,車端/車間電氣聯結裝置異常,接地系統 ,遺失
TS,電聯車系統,Tram System,車間連結系統,車端/車間電氣聯結裝置異常,接地系統 ,組件故障
TS,電聯車系統,Tram System,車間連結系統,聯結器異常,其他,其他
TS,電聯車系統,Tram System,車間連結系統,聯結器異常,其他,組件故障
TS,電聯車系統,Tram System,車間連結系統,聯結器異常,聯結器總成,組件故障
TS,電聯車系統,Tram System,車間連結系統,聯結器異常,緊固件,遺失
TS,電聯車系統,Tram System,車間連結系統,聯結器異常,緊固件,鬆脫
TS,電聯車系統,Tram System,車間連結系統,聯結器異常,緊固件,組件故障
TS,電聯車系統,Tram System,車間連結系統,聯結器異常,橡膠元件,組件故障
TS,電聯車系統,Tram System,車間連結系統,聯結器異常,橡膠元件,遺失
TS,電聯車系統,Tram System,車間連結系統,聯結器異常,機構件,組件故障
TS,電聯車系統,Tram System,車間連結系統,聯結器異常,軸承類,組件故障
TS,電聯車系統,Tram System,車間連結系統,聯結器異常,軸承類,異音
TS,電聯車系統,Tram System,車間連結系統,聯結器異常,軸承類,鏽蝕
TS,電聯車系統,Tram System,車間連結系統,聯結器異常,拉柄鋼索,組件故障
TS,電聯車系統,Tram System,車間連結系統,聯結器異常,接地系統 ,遺失
TS,電聯車系統,Tram System,車間連結系統,聯結器異常,接地系統 ,組件故障
TS,電聯車系統,Tram System,車間連結系統,聯結器罩系統異常,其他,其他
TS,電聯車系統,Tram System,車間連結系統,聯結器罩系統異常,其他,組件故障
TS,電聯車系統,Tram System,車間連結系統,聯結器罩系統異常,聯結器罩系統 總成,組件故障
TS,電聯車系統,Tram System,車間連結系統,聯結器罩系統異常,前罩 ,組件故障
TS,電聯車系統,Tram System,車間連結系統,聯結器罩系統異常,前罩 ,脫漆
TS,電聯車系統,Tram System,車間連結系統,聯結器罩系統異常,緊固件,遺失
TS,電聯車系統,Tram System,車間連結系統,聯結器罩系統異常,緊固件,鬆脫
TS,電聯車系統,Tram System,車間連結系統,聯結器罩系統異常,緊固件,組件故障
TS,電聯車系統,Tram System,車間連結系統,聯結器罩系統異常,機構件,組件故障
TS,電聯車系統,Tram System,車間連結系統,聯結器罩系統異常,聯結器收納蓋板 ,組件故障
TS,電聯車系統,Tram System,車間連結系統,聯結器罩系統異常,手動操作裝置 ,組件故障
TS,電聯車系統,Tram System,車間連結系統,聯結器罩系統異常,反光板 ,組件故障
TS,電聯車系統,Tram System,車間連結系統,聯結器罩系統異常,鎖固裝置 ,組件故障
TS,電聯車系統,Tram System,車間連結系統,聯結器罩系統異常,氣壓桿 ,組件故障
TS,電聯車系統,Tram System,車間連結系統,聯結器罩系統異常,限位止擋 ,組件故障
TS,電聯車系統,Tram System,車間連結系統,聯結器罩系統異常,連桿 ,組件故障
TS,電聯車系統,Tram System,車間連結系統,抗撞吸能裝置異常,其他,其他
TS,電聯車系統,Tram System,車間連結系統,抗撞吸能裝置異常,其他,組件故障
TS,電聯車系統,Tram System,車間連結系統,抗撞吸能裝置異常,抗撞吸能裝置 總成,組件故障
TS,電聯車系統,Tram System,車間連結系統,抗撞吸能裝置異常,抗撞吸能裝置 總成,鬆脫/干涉
TS,電聯車系統,Tram System,車間連結系統,抗撞吸能裝置異常,潰縮吸能裝置 ,鬆脫/干涉
TS,電聯車系統,Tram System,車間連結系統,抗撞吸能裝置異常,潰縮吸能裝置 ,組件故障
TS,電聯車系統,Tram System,車間連結系統,抗撞吸能裝置異常,防爬器 Head Beam AX-DNH ,鬆脫/干涉
TS,電聯車系統,Tram System,車間連結系統,抗撞吸能裝置異常,防爬器 Head Beam AX-DNH ,組件故障
TS,電聯車系統,Tram System,車間連結系統,抗撞吸能裝置異常,緊固件,遺失
TS,電聯車系統,Tram System,車間連結系統,抗撞吸能裝置異常,緊固件,鬆脫
TS,電聯車系統,Tram System,車間連結系統,抗撞吸能裝置異常,緊固件,組件故障
TS,電聯車系統,Tram System,車間連結系統,抗撞吸能裝置異常,緊固件,鬆脫/干涉
TS,電聯車系統,Tram System,車間連結系統,抗撞吸能裝置異常,橡膠元件,組件故障
TS,電聯車系統,Tram System,車間連結系統,抗撞吸能裝置異常,橡膠元件,遺失
TS,電聯車系統,Tram System,車間連結系統,抗撞吸能裝置異常,橡膠元件,鬆脫/干涉
TS,電聯車系統,Tram System,車間連結系統,抗撞吸能裝置異常,機構件,鬆脫/干涉
TS,電聯車系統,Tram System,車間連結系統,抗撞吸能裝置異常,機構件,組件故障
TS,電聯車系統,Tram System,車輛操作及控制設備系統,控制開關異常,其他,其他
TS,電聯車系統,Tram System,車輛操作及控制設備系統,控制開關異常,其他,組件故障
TS,電聯車系統,Tram System,車輛操作及控制設備系統,控制開關異常,其他,鬆脫/干涉
TS,電聯車系統,Tram System,車輛操作及控制設備系統,控制開關異常,集電弓降弓按鈕開關(HV off),鬆脫/干涉
TS,電聯車系統,Tram System,車輛操作及控制設備系統,控制開關異常,集電弓降弓按鈕開關(HV off),組件故障
TS,電聯車系統,Tram System,車輛操作及控制設備系統,控制開關異常,客室110V插座按鈕開關,鬆脫/干涉
TS,電聯車系統,Tram System,車輛操作及控制設備系統,控制開關異常,客室110V插座按鈕開關,組件故障
TS,電聯車系統,Tram System,車輛操作及控制設備系統,控制開關異常,蓄電池24V指示燈,鬆脫/干涉
TS,電聯車系統,Tram System,車輛操作及控制設備系統,控制開關異常,蓄電池24V指示燈,組件故障
TS,電聯車系統,Tram System,車輛操作及控制設備系統,控制開關異常,駐車煞車指示燈(Parking),鬆脫/干涉
TS,電聯車系統,Tram System,車輛操作及控制設備系統,控制開關異常,駐車煞車指示燈(Parking),組件故障
TS,電聯車系統,Tram System,車輛操作及控制設備系統,控制開關異常,零速度按鈕開關(Zero Speed),鬆脫/干涉
TS,電聯車系統,Tram System,車輛操作及控制設備系統,控制開關異常,零速度按鈕開關(Zero Speed),組件故障
TS,電聯車系統,Tram System,車輛操作及控制設備系統,控制開關異常,自動列車保護按鈕開關(ATP),鬆脫/干涉
TS,電聯車系統,Tram System,車輛操作及控制設備系統,控制開關異常,自動列車保護按鈕開關(ATP),組件故障
TS,電聯車系統,Tram System,車輛操作及控制設備系統,控制開關異常,降級模式按鈕開關(EDM),鬆脫/干涉
TS,電聯車系統,Tram System,車輛操作及控制設備系統,控制開關異常,降級模式按鈕開關(EDM),組件故障
TS,電聯車系統,Tram System,車輛操作及控制設備系統,控制開關異常,煞車解除按鈕開關(Brake Release),鬆脫/干涉
TS,電聯車系統,Tram System,車輛操作及控制設備系統,控制開關異常,煞車解除按鈕開關(Brake Release),組件故障
TS,電聯車系統,Tram System,車輛操作及控制設備系統,控制開關異常,拖救模式按鈕開關(Towing),鬆脫/干涉
TS,電聯車系統,Tram System,車輛操作及控制設備系統,控制開關異常,拖救模式按鈕開關(Towing),組件故障
TS,電聯車系統,Tram System,車輛操作及控制設備系統,控制開關異常,駕駛室照明轉盤開關(Cab Lighting),鬆脫/干涉
TS,電聯車系統,Tram System,車輛操作及控制設備系統,控制開關異常,駕駛室照明轉盤開關(Cab Lighting),組件故障
TS,電聯車系統,Tram System,車輛操作及控制設備系統,控制開關異常,客室照明轉盤開關(Saloon Lighting),鬆脫/干涉
TS,電聯車系統,Tram System,車輛操作及控制設備系統,控制開關異常,客室照明轉盤開關(Saloon Lighting),組件故障
TS,電聯車系統,Tram System,車輛操作及控制設備系統,控制開關異常,電動遮陽簾轉盤開關,鬆脫/干涉
TS,電聯車系統,Tram System,車輛操作及控制設備系統,控制開關異常,電動遮陽簾轉盤開關,組件故障
TS,電聯車系統,Tram System,車輛操作及控制設備系統,控制開關異常,第一道車門開關,鬆脫/干涉
TS,電聯車系統,Tram System,車輛操作及控制設備系統,控制開關異常,第一道車門開關,組件故障
TS,電聯車系統,Tram System,車輛操作及控制設備系統,控制開關異常,空調關閉按鈕開關,鬆脫/干涉
TS,電聯車系統,Tram System,車輛操作及控制設備系統,控制開關異常,空調關閉按鈕開關,組件故障
TS,電聯車系統,Tram System,車輛操作及控制設備系統,控制開關異常,安全煞車按鈕開關,鬆脫/干涉
TS,電聯車系統,Tram System,車輛操作及控制設備系統,控制開關異常,安全煞車按鈕開關,組件故障
TS,電聯車系統,Tram System,車輛操作及控制設備系統,控制開關異常,客室緊急煞車動作按鈕開關,鬆脫/干涉
TS,電聯車系統,Tram System,車輛操作及控制設備系統,控制開關異常,客室緊急煞車動作按鈕開關,組件故障
TS,電聯車系統,Tram System,車輛操作及控制設備系統,控制開關異常,總故障指示燈,鬆脫/干涉
TS,電聯車系統,Tram System,車輛操作及控制設備系統,控制開關異常,總故障指示燈,組件故障
TS,電聯車系統,Tram System,車輛操作及控制設備系統,控制開關異常,無架空線區間指示燈,鬆脫/干涉
TS,電聯車系統,Tram System,車輛操作及控制設備系統,控制開關異常,無架空線區間指示燈,組件故障
TS,電聯車系統,Tram System,車輛操作及控制設備系統,控制開關異常,集電方式切換升降轉盤開關,鬆脫/干涉
TS,電聯車系統,Tram System,車輛操作及控制設備系統,控制開關異常,集電方式切換升降轉盤開關,組件故障
TS,電聯車系統,Tram System,車輛操作及控制設備系統,控制開關異常,架空線區間指示燈,鬆脫/干涉
TS,電聯車系統,Tram System,車輛操作及控制設備系統,控制開關異常,架空線區間指示燈,組件故障
TS,電聯車系統,Tram System,車輛操作及控制設備系統,控制開關異常,霧燈轉盤開關,鬆脫/干涉
TS,電聯車系統,Tram System,車輛操作及控制設備系統,控制開關異常,霧燈轉盤開關,組件故障
TS,電聯車系統,Tram System,車輛操作及控制設備系統,控制開關異常,頭燈轉盤開關,鬆脫/干涉
TS,電聯車系統,Tram System,車輛操作及控制設備系統,控制開關異常,頭燈轉盤開關,組件故障
TS,電聯車系統,Tram System,車輛操作及控制設備系統,控制開關異常,警笛按鈕開關,鬆脫/干涉
TS,電聯車系統,Tram System,車輛操作及控制設備系統,控制開關異常,警笛按鈕開關,組件故障
TS,電聯車系統,Tram System,車輛操作及控制設備系統,控制開關異常,方向燈/警示燈轉盤開關,鬆脫/干涉
TS,電聯車系統,Tram System,車輛操作及控制設備系統,控制開關異常,方向燈/警示燈轉盤開關,組件故障
TS,電聯車系統,Tram System,車輛操作及控制設備系統,控制開關異常,雨刷轉盤開關,鬆脫/干涉
TS,電聯車系統,Tram System,車輛操作及控制設備系統,控制開關異常,雨刷轉盤開關,組件故障
TS,電聯車系統,Tram System,車輛操作及控制設備系統,控制開關異常,通話按鈕開關,鬆脫/干涉
TS,電聯車系統,Tram System,車輛操作及控制設備系統,控制開關異常,通話按鈕開關,組件故障
TS,電聯車系統,Tram System,車輛操作及控制設備系統,控制開關異常,左側開門按鈕開關,鬆脫/干涉
TS,電聯車系統,Tram System,車輛操作及控制設備系統,控制開關異常,左側開門按鈕開關,組件故障
TS,電聯車系統,Tram System,車輛操作及控制設備系統,控制開關異常,左右側車門轉盤開關,鬆脫/干涉
TS,電聯車系統,Tram System,車輛操作及控制設備系統,控制開關異常,左右側車門轉盤開關,組件故障
TS,電聯車系統,Tram System,車輛操作及控制設備系統,控制開關異常,右側開門按鈕開關,鬆脫/干涉
TS,電聯車系統,Tram System,車輛操作及控制設備系統,控制開關異常,右側開門按鈕開關,組件故障
TS,電聯車系統,Tram System,車輛操作及控制設備系統,控制開關異常,撒砂按鈕開關,鬆脫/干涉
TS,電聯車系統,Tram System,車輛操作及控制設備系統,控制開關異常,撒砂按鈕開關,組件故障
TS,電聯車系統,Tram System,車輛操作及控制設備系統,控制開關異常,電磁軌道煞車按鈕開關,鬆脫/干涉
TS,電聯車系統,Tram System,車輛操作及控制設備系統,控制開關異常,電磁軌道煞車按鈕開關,組件故障
TS,電聯車系統,Tram System,車輛操作及控制設備系統,控制開關異常,左轉方向指示燈,鬆脫/干涉
TS,電聯車系統,Tram System,車輛操作及控制設備系統,控制開關異常,左轉方向指示燈,組件故障
TS,電聯車系統,Tram System,車輛操作及控制設備系統,控制開關異常,右轉方向指示燈,鬆脫/干涉
TS,電聯車系統,Tram System,車輛操作及控制設備系統,控制開關異常,右轉方向指示燈,組件故障
TS,電聯車系統,Tram System,車輛操作及控制設備系統,控制開關異常,上下車門隔離開關,鬆脫/干涉
TS,電聯車系統,Tram System,車輛操作及控制設備系統,控制開關異常,上下車門隔離開關,組件故障
TS,電聯車系統,Tram System,車輛操作及控制設備系統,主控制器異常,其他,其他
TS,電聯車系統,Tram System,車輛操作及控制設備系統,主控制器異常,其他,組件故障
TS,電聯車系統,Tram System,車輛操作及控制設備系統,主控制器異常,主控制器總成,其他
TS,電聯車系統,Tram System,車輛操作及控制設備系統,主控制器異常,主控制器總成,軟體異常
TS,電聯車系統,Tram System,車輛操作及控制設備系統,主控制器異常,主控制器總成,暫態(需重置)
TS,電聯車系統,Tram System,車輛操作及控制設備系統,主控制器異常,主控制器總成,暫態(不需重置)
TS,電聯車系統,Tram System,車輛操作及控制設備系統,主控制器異常,主控制器總成,組件故障
TS,電聯車系統,Tram System,車輛操作及控制設備系統,主控制器異常,停機連鎖裝置,其他
TS,電聯車系統,Tram System,車輛操作及控制設備系統,主控制器異常,停機連鎖裝置,組件故障
TS,電聯車系統,Tram System,車輛操作及控制設備系統,主控制器異常,電位計,組件故障
TS,電聯車系統,Tram System,車輛操作及控制設備系統,主控制器異常,銅塊,組件故障
TS,電聯車系統,Tram System,車輛操作及控制設備系統,主控制器異常,失能保護裝置(DSD),組件故障
TS,電聯車系統,Tram System,車輛操作及控制設備系統,主控制器異常,警鈴按鈕,其他
TS,電聯車系統,Tram System,車輛操作及控制設備系統,主控制器異常,警鈴按鈕,鬆脫
TS,電聯車系統,Tram System,車輛操作及控制設備系統,主控制器異常,警鈴按鈕,組件故障
TS,電聯車系統,Tram System,車輛操作及控制設備系統,主控制器異常,潤滑油,其他
TS,電聯車系統,Tram System,車輛操作及控制設備系統,主控制器異常,微動開關,其他
TS,電聯車系統,Tram System,車輛操作及控制設備系統,主控制器異常,微動開關,組件故障
TS,電聯車系統,Tram System,車輛操作及控制設備系統,雨刷裝置異常,其他,其他
TS,電聯車系統,Tram System,車輛操作及控制設備系統,雨刷裝置異常,其他,噴水角度異常
TS,電聯車系統,Tram System,車輛操作及控制設備系統,雨刷裝置異常,雨刷裝置異常,缺水
TS,電聯車系統,Tram System,車輛操作及控制設備系統,雨刷裝置異常,其他,組件故障
TS,電聯車系統,Tram System,車輛操作及控制設備系統,雨刷裝置異常,雨刷裝置總成,其他
TS,電聯車系統,Tram System,車輛操作及控制設備系統,雨刷裝置異常,雨刷裝置總成,鬆脫
TS,電聯車系統,Tram System,車輛操作及控制設備系統,雨刷裝置異常,雨刷裝置總成,組件故障
TS,電聯車系統,Tram System,車輛操作及控制設備系統,雨刷裝置異常,馬達,組件故障
TS,電聯車系統,Tram System,車輛操作及控制設備系統,雨刷裝置異常,轉軸機構(主動),組件故障
TS,電聯車系統,Tram System,車輛操作及控制設備系統,雨刷裝置異常,轉軸機構(被動),組件故障
TS,電聯車系統,Tram System,車輛操作及控制設備系統,雨刷裝置異常,雨刷臂,組件故障
TS,電聯車系統,Tram System,車輛操作及控制設備系統,雨刷裝置異常,液位感測器,組件故障
TS,電聯車系統,Tram System,車輛操作及控制設備系統,雨刷裝置異常,連桿節點防塵蓋,組件故障
TS,電聯車系統,Tram System,車輛操作及控制設備系統,雨刷裝置異常,傳動桿,磨損
TS,電聯車系統,Tram System,車輛操作及控制設備系統,雨刷裝置異常,傳動桿,組件故障
TS,電聯車系統,Tram System,車輛操作及控制設備系統,雨刷裝置異常,夾持曲柄,位移
TS,電聯車系統,Tram System,車輛操作及控制設備系統,雨刷裝置異常,夾持曲柄,組件故障
TS,電聯車系統,Tram System,車輛操作及控制設備系統,雨刷裝置異常,夾持曲柄,磨損
TS,電聯車系統,Tram System,車輛操作及控制設備系統,雨刷裝置異常,連桿,組件故障
TS,電聯車系統,Tram System,車輛操作及控制設備系統,雨刷裝置異常,水箱,組件故障
TS,電聯車系統,Tram System,車輛操作及控制設備系統,雨刷裝置異常,雨刷噴水管,鬆脫
TS,電聯車系統,Tram System,車輛操作及控制設備系統,雨刷裝置異常,雨刷噴水管,斷裂
TS,電聯車系統,Tram System,車輛操作及控制設備系統,雨刷裝置異常,雨刷噴水管,組件故障
TS,電聯車系統,Tram System,車輛操作及控制設備系統,雨刷裝置異常,雨刷片,組件故障
TS,電聯車系統,Tram System,車輛操作及控制設備系統,雨刷裝置異常,噴水泵浦(GALA 24V),組件故障
TS,電聯車系統,Tram System,車輛操作及控制設備系統,雨刷裝置異常,噴水泵浦(橡膠圈),組件故障
TS,電聯車系統,Tram System,車輛操作及控制設備系統,撒砂裝置異常,其他,其他
TS,電聯車系統,Tram System,車輛操作及控制設備系統,撒砂裝置異常,其他,組件故障
TS,電聯車系統,Tram System,車輛操作及控制設備系統,撒砂裝置異常,其他,暫態(需重置)
TS,電聯車系統,Tram System,車輛操作及控制設備系統,撒砂裝置異常,其他,暫態(不需重置)
TS,電聯車系統,Tram System,車輛操作及控制設備系統,撒砂裝置異常,其他,缺砂
TS,電聯車系統,Tram System,車輛操作及控制設備系統,撒砂裝置異常,砂箱總成,組件故障
TS,電聯車系統,Tram System,車輛操作及控制設備系統,撒砂裝置異常,撒砂震盪器,其他
TS,電聯車系統,Tram System,車輛操作及控制設備系統,撒砂裝置異常,撒砂震盪器,組件故障
TS,電聯車系統,Tram System,車輛操作及控制設備系統,撒砂裝置異常,砂粒位準感測器,組件故障
TS,電聯車系統,Tram System,車輛操作及控制設備系統,撒砂裝置異常,撒砂加熱器接頭,組件故障
TS,電聯車系統,Tram System,車輛操作及控制設備系統,撒砂裝置異常,撒砂減壓閥壓力錶,組件故障
TS,電聯車系統,Tram System,車輛操作及控制設備系統,撒砂裝置異常,撒砂控制器,其他
TS,電聯車系統,Tram System,車輛操作及控制設備系統,撒砂裝置異常,撒砂控制器,組件故障
TS,電聯車系統,Tram System,車輛操作及控制設備系統,撒砂裝置異常,撒砂裝置空壓機濾網,組件故障
TS,電聯車系統,Tram System,車輛操作及控制設備系統,撒砂裝置異常,撒砂裝置空壓機箱體濾網,組件故障
TS,電聯車系統,Tram System,車輛操作及控制設備系統,撒砂裝置異常,撒砂裝置止回閥,組件故障
TS,電聯車系統,Tram System,車輛操作及控制設備系統,撒砂裝置異常,撒砂裝置空壓機,劣化
TS,電聯車系統,Tram System,車輛操作及控制設備系統,撒砂裝置異常,撒砂裝置空壓機,暫態(不需重置)
TS,電聯車系統,Tram System,車輛操作及控制設備系統,撒砂裝置異常,撒砂裝置空壓機,暫態(需重置)
TS,電聯車系統,Tram System,車輛操作及控制設備系統,撒砂裝置異常,撒砂裝置空壓機,組件故障
TS,電聯車系統,Tram System,車輛操作及控制設備系統,撒砂裝置異常,撒砂裝置蓄壓器,組件故障
TS,電聯車系統,Tram System,車輛操作及控制設備系統,撒砂裝置異常,撒砂壓力開關(2 bar),組件故障
TS,電聯車系統,Tram System,車輛操作及控制設備系統,撒砂裝置異常,撒砂壓力開關(5 bar),組件故障
TS,電聯車系統,Tram System,車輛操作及控制設備系統,撒砂裝置異常,撒砂壓力開關(7 bar),組件故障
TS,電聯車系統,Tram System,車輛操作及控制設備系統,撒砂裝置異常,排水閥(蓄壓器),組件故障
TS,電聯車系統,Tram System,車輛操作及控制設備系統,撒砂裝置異常,電磁閥(蓄壓器),組件故障
TS,電聯車系統,Tram System,車輛操作及控制設備系統,撒砂裝置異常,空氣管路配置 ,其他
TS,電聯車系統,Tram System,車輛操作及控制設備系統,撒砂裝置異常,空氣管路配置 ,鬆脫
TS,電聯車系統,Tram System,車輛操作及控制設備系統,撒砂裝置異常,空氣管路配置 ,組件故障
TS,電聯車系統,Tram System,車輛操作及控制設備系統,撒砂裝置異常,撒砂噴嘴 ,其他
TS,電聯車系統,Tram System,車輛操作及控制設備系統,撒砂裝置異常,撒砂噴嘴 ,組件故障
TS,電聯車系統,Tram System,車輛操作及控制設備系統,撒砂裝置異常,空壓機harting接頭,組件故障
TS,電聯車系統,Tram System,車輛操作及控制設備系統,輪緣潤滑裝置異常,其他,其他
TS,電聯車系統,Tram System,車輛操作及控制設備系統,輪緣潤滑裝置異常,其他,組件故障
TS,電聯車系統,Tram System,車輛操作及控制設備系統,輪緣潤滑裝置異常,其他,暫態(需重置)
TS,電聯車系統,Tram System,車輛操作及控制設備系統,輪緣潤滑裝置異常,其他,暫態(不需重置)
TS,電聯車系統,Tram System,車輛操作及控制設備系統,輪緣潤滑裝置異常,輪緣潤滑裝置總成,組件故障
TS,電聯車系統,Tram System,車輛操作及控制設備系統,輪緣潤滑裝置異常,GPS機,暫態(需重置)
TS,電聯車系統,Tram System,車輛操作及控制設備系統,輪緣潤滑裝置異常,GPS機,暫態(不需重置)
TS,電聯車系統,Tram System,車輛操作及控制設備系統,輪緣潤滑裝置異常,GPS機,未過電
TS,電聯車系統,Tram System,車輛操作及控制設備系統,輪緣潤滑裝置異常,GPS機,組件故障
TS,電聯車系統,Tram System,車輛操作及控制設備系統,輪緣潤滑裝置異常,分配閥(氣動混合閥),組件故障
TS,電聯車系統,Tram System,車輛操作及控制設備系統,輪緣潤滑裝置異常,泵浦單元,組件故障
TS,電聯車系統,Tram System,車輛操作及控制設備系統,輪緣潤滑裝置異常,油箱高位感測器,組件故障
TS,電聯車系統,Tram System,車輛操作及控制設備系統,輪緣潤滑裝置異常,纜線,組件故障
TS,電聯車系統,Tram System,車輛操作及控制設備系統,輪緣潤滑裝置異常,油箱,缺油
TS,電聯車系統,Tram System,車輛操作及控制設備系統,輪緣潤滑裝置異常,油箱,組件故障
TS,電聯車系統,Tram System,車輛操作及控制設備系統,輪緣潤滑裝置異常,油管,堵塞
TS,電聯車系統,Tram System,車輛操作及控制設備系統,輪緣潤滑裝置異常,油管,組件故障
TS,電聯車系統,Tram System,車輛操作及控制設備系統,輪緣潤滑裝置異常,噴嘴,堵塞
TS,電聯車系統,Tram System,車輛操作及控制設備系統,輪緣潤滑裝置異常,噴嘴,組件故障
TS,電聯車系統,Tram System,車輛操作及控制設備系統,輪緣潤滑裝置異常,注油口,組件故障
TS,電聯車系統,Tram System,車輛操作及控制設備系統,輪緣潤滑裝置異常,軟管,組件故障
TS,電聯車系統,Tram System,車輛操作及控制設備系統,輪緣潤滑裝置異常,空壓機進氣濾網(內),組件故障
TS,電聯車系統,Tram System,車輛操作及控制設備系統,輪緣潤滑裝置異常,通風濾清器濾網(外),組件故障
TS,電聯車系統,Tram System,車輛操作及控制設備系統,輪緣潤滑裝置異常,輪緣潤滑壓縮機,組件故障
TS,電聯車系統,Tram System,車輛操作及控制設備系統,遮陽捲簾裝置異常,其他,其他
TS,電聯車系統,Tram System,車輛操作及控制設備系統,遮陽捲簾裝置異常,手動遮陽簾,其他
TS,電聯車系統,Tram System,車輛操作及控制設備系統,遮陽捲簾裝置異常,手動遮陽簾,組件故障
TS,電聯車系統,Tram System,車輛操作及控制設備系統,遮陽捲簾裝置異常,掛鈎,遺失
TS,電聯車系統,Tram System,車輛操作及控制設備系統,遮陽捲簾裝置異常,掛鈎,組件故障
TS,電聯車系統,Tram System,車輛操作及控制設備系統,遮陽捲簾裝置異常,電動遮陽簾,其他
TS,電聯車系統,Tram System,車輛操作及控制設備系統,遮陽捲簾裝置異常,電動遮陽簾,組件故障
TS,電聯車系統,Tram System,車輛操作及控制設備系統,警音裝置異常,室內蜂鳴器(聲音控制模組),其他
TS,電聯車系統,Tram System,車輛操作及控制設備系統,警音裝置異常,室內蜂鳴器(聲音控制模組),暫態(需重置)
TS,電聯車系統,Tram System,車輛操作及控制設備系統,警音裝置異常,室內蜂鳴器(聲音控制模組),暫態(不需重置)
TS,電聯車系統,Tram System,車輛操作及控制設備系統,警音裝置異常,室內蜂鳴器(聲音控制模組),組件故障
TS,電聯車系統,Tram System,車輛操作及控制設備系統,警音裝置異常,車外警音喇叭,組件故障
TS,電聯車系統,Tram System,車輛操作及控制設備系統,警音裝置異常,聲音儲存 SD 卡,暫態(需重置)
TS,電聯車系統,Tram System,車輛操作及控制設備系統,警音裝置異常,聲音儲存 SD 卡,暫態(不需重置)
TS,電聯車系統,Tram System,車輛操作及控制設備系統,警音裝置異常,聲音儲存 SD 卡,板件故障
TS,電聯車系統,Tram System,車輛操作及控制設備系統,電氣控制元件異常,斷路器(ABB S201MT-B6A),組件故障
TS,電聯車系統,Tram System,車輛操作及控制設備系統,電氣控制元件異常,斷路器(ABB S201MT-B10A),組件故障
TS,電聯車系統,Tram System,車輛操作及控制設備系統,電氣控制元件異常,斷路器(ABB S201MT-Z2A),組件故障
TS,電聯車系統,Tram System,車輛操作及控制設備系統,電氣控制元件異常,斷路器(ABB S201MT-Z6A),組件故障
TS,電聯車系統,Tram System,車輛操作及控制設備系統,電氣控制元件異常,斷路器(ABB S201MT-B16A),組件故障
TS,電聯車系統,Tram System,車輛操作及控制設備系統,電氣控制元件異常,斷路器(ABB S201MT-B6),組件故障
TS,電聯車系統,Tram System,車輛操作及控制設備系統,電氣控制元件異常,斷路器(S203MT-B6),組件故障
TS,電聯車系統,Tram System,車輛操作及控制設備系統,電氣控制元件異常,斷路器(S203MT-C10),組件故障
TS,電聯車系統,Tram System,車輛操作及控制設備系統,電氣控制元件異常,接觸器(ABB AF09ZB-30-10-21),組件故障
TS,電聯車系統,Tram System,車輛操作及控制設備系統,電氣控制元件異常,接觸器(AF09ZB-30-10-21)+(CA4-22M),組件故障
TS,電聯車系統,Tram System,車輛操作及控制設備系統,電氣控制元件異常,薄型繼電器(Weidmueller MCZ R 24Vdc 1COTRAK),組件故障
TS,電聯車系統,Tram System,車輛操作及控制設備系統,電氣控制元件異常,撒砂積熱電驛(ABB MS132-12)+(HK1-20),組件故障
TS,電聯車系統,Tram System,車輛操作及控制設備系統,電氣控制元件異常,輪緣潤滑積熱電驛(ABB MS132-12),組件故障
TS,電聯車系統,Tram System,車體系統,車體總成異常,其他,其他
TS,電聯車系統,Tram System,車體系統,車體總成異常,其他,裂痕
TS,電聯車系統,Tram System,車體系統,車體總成異常,其他,破裂
TS,電聯車系統,Tram System,車體系統,車體總成異常,其他,震動
TS,電聯車系統,Tram System,車體系統,車體總成異常,框架,脫漆
TS,電聯車系統,Tram System,車體系統,車體總成異常,框架,鏽蝕
TS,電聯車系統,Tram System,車體系統,車體總成異常,框架,撞擊
TS,電聯車系統,Tram System,車體系統,車體總成異常,框架,裂痕
TS,電聯車系統,Tram System,車體系統,內裝異常,其他,其他
TS,電聯車系統,Tram System,車體系統,內裝異常,其他,組件故障
TS,電聯車系統,Tram System,車體系統,內裝異常,TMDS膠條,鬆脫
TS,電聯車系統,Tram System,車體系統,內裝異常,TMDS膠條,遺失
TS,電聯車系統,Tram System,車體系統,內裝異常,內裝飾板 ,遺失
TS,電聯車系統,Tram System,車體系統,內裝異常,內裝飾板 ,破裂/破損
TS,電聯車系統,Tram System,車體系統,內裝異常,內裝飾板 ,脫膠
TS,電聯車系統,Tram System,車體系統,內裝異常,內裝飾板 ,組件故障
TS,電聯車系統,Tram System,車體系統,內裝異常,車輛內側板圓孔飾蓋,組件故障
TS,電聯車系統,Tram System,車體系統,內裝異常,車輛內側板圓孔飾蓋,遺失
TS,電聯車系統,Tram System,車體系統,內裝異常,三角鎖扣件,組件故障
TS,電聯車系統,Tram System,車體系統,內裝異常,維修蓋板,鬆脫
TS,電聯車系統,Tram System,車體系統,內裝異常,維修蓋板,脫膠
TS,電聯車系統,Tram System,車體系統,內裝異常,維修蓋板,鎖舌未吃滿
TS,電聯車系統,Tram System,車體系統,內裝異常,維修蓋板,組件故障
TS,電聯車系統,Tram System,車體系統,內裝異常,車廂地板,其他
TS,電聯車系統,Tram System,車體系統,內裝異常,車廂地板,變形/歪斜
TS,電聯車系統,Tram System,車體系統,內裝異常,車廂地板,組件故障
TS,電聯車系統,Tram System,車體系統,內裝異常,內裝支架,組件故障
TS,電聯車系統,Tram System,車體系統,內裝異常,窗柱 / 立柱握桿,組件故障
TS,電聯車系統,Tram System,車體系統,內裝異常,扶手與拉環,組件故障
TS,電聯車系統,Tram System,車體系統,內裝異常,旅客座椅,組件故障
TS,電聯車系統,Tram System,車體系統,內裝異常,隔音/隔熱材 ,組件故障
TS,電聯車系統,Tram System,車體系統,內裝異常,插座系統,其他
TS,電聯車系統,Tram System,車體系統,內裝異常,插座系統,組件故障
TS,電聯車系統,Tram System,車體系統,內裝異常,天花板(空調出風口) ,冷凝水
TS,電聯車系統,Tram System,車體系統,內裝異常,天花板(空調出風口) ,脫膠
TS,電聯車系統,Tram System,車體系統,內裝異常,天花板(空調出風口) ,組件故障
TS,電聯車系統,Tram System,車體系統,內裝異常,空調通風道,組件故障
TS,電聯車系統,Tram System,車體系統,內裝異常,天花板,組件故障
TS,電聯車系統,Tram System,車體系統,內裝異常,緊急擊窗器,組件故障
TS,電聯車系統,Tram System,車體系統,內裝異常,多功能停放區安全帶,組件故障
TS,電聯車系統,Tram System,車體系統,內裝異常,滅火器,組件故障
TS,電聯車系統,Tram System,車體系統,內裝異常,滅火器,過有效期限
TS,電聯車系統,Tram System,車體系統,內裝異常,滅火器,壓力異常
TS,電聯車系統,Tram System,車體系統,內裝-標誌異常,車內標示貼紙,脫膠
TS,電聯車系統,Tram System,車體系統,內裝-標誌異常,車內標示貼紙,遺失
TS,電聯車系統,Tram System,車體系統,內裝-標誌異常,其他,遺失
TS,電聯車系統,Tram System,車體系統,內裝-標誌異常,其他,其他
TS,電聯車系統,Tram System,車體系統,內裝-標誌異常,緊急逃生窗,脫膠
TS,電聯車系統,Tram System,車體系統,內裝-標誌異常,緊急逃生窗,遺失
TS,電聯車系統,Tram System,車體系統,內裝-標誌異常,緊急擊窗器,脫膠
TS,電聯車系統,Tram System,車體系統,內裝-標誌異常,緊急擊窗器,遺失
TS,電聯車系統,Tram System,車體系統,內裝-標誌異常,車號牌、廠牌,脫膠
TS,電聯車系統,Tram System,車體系統,內裝-標誌異常,車號牌、廠牌,遺失
TS,電聯車系統,Tram System,車體系統,內裝-標誌異常,緊急出口,脫膠
TS,電聯車系統,Tram System,車體系統,內裝-標誌異常,緊急出口,遺失
TS,電聯車系統,Tram System,車體系統,內裝-標誌異常,門檻防滑貼,脫膠
TS,電聯車系統,Tram System,車體系統,內裝-標誌異常,門檻防滑貼,遺失
TS,電聯車系統,Tram System,車體系統,內裝-駕駛室座椅異常,其他,其他
TS,電聯車系統,Tram System,車體系統,內裝-駕駛室座椅異常,其他,組件故障
TS,電聯車系統,Tram System,車體系統,內裝-駕駛室座椅異常,駕駛座椅總成,組件故障
TS,電聯車系統,Tram System,車體系統,內裝-駕駛室座椅異常,折疊式輔助椅總成,組件故障
TS,電聯車系統,Tram System,車體系統,內裝-駕駛室座椅異常,駕駛座椅升降鋼索,斷裂
TS,電聯車系統,Tram System,車體系統,內裝-駕駛室座椅異常,駕駛座椅升降鋼索,作動異常
TS,電聯車系統,Tram System,車體系統,內裝-駕駛室座椅異常,駕駛座椅升降鋼索,組件故障
TS,電聯車系統,Tram System,車體系統,內裝-駕駛室座椅異常,駕駛座椅升降把手,組件故障
TS,電聯車系統,Tram System,車體系統,內裝-駕駛室座椅異常,駕駛座椅傾斜鋼索,斷裂
TS,電聯車系統,Tram System,車體系統,內裝-駕駛室座椅異常,駕駛座椅傾斜鋼索,作動異常
TS,電聯車系統,Tram System,車體系統,內裝-駕駛室座椅異常,駕駛座椅傾斜鋼索,組件故障
TS,電聯車系統,Tram System,車體系統,內裝-駕駛室座椅異常,駕駛座椅傾斜把手,組件故障
TS,電聯車系統,Tram System,車體系統,內裝-駕駛室座椅異常,駕駛室座椅腰支撐鋼索,斷裂
TS,電聯車系統,Tram System,車體系統,內裝-駕駛室座椅異常,駕駛室座椅腰支撐鋼索,作動異常
TS,電聯車系統,Tram System,車體系統,內裝-駕駛室座椅異常,駕駛室座椅腰支撐鋼索,組件故障
TS,電聯車系統,Tram System,車體系統,內裝-駕駛室座椅異常,駕駛座椅腰支撐板,組件故障
TS,電聯車系統,Tram System,車體系統,內裝-駕駛室腳踏板異常,駕駛室腳踏板總成,組件故障
TS,電聯車系統,Tram System,車體系統,內裝-駕駛室腳踏板異常,駕駛室腳踏板總成,作動異常
TS,電聯車系統,Tram System,車體系統,內裝-駕駛室腳踏板異常,駕駛腳踏調整皮帶,斷裂
TS,電聯車系統,Tram System,車體系統,內裝-駕駛室腳踏板異常,駕駛腳踏調整皮帶,作動異常
TS,電聯車系統,Tram System,車體系統,內裝-駕駛室腳踏板異常,駕駛腳踏調整皮帶,組件故障
TS,電聯車系統,Tram System,車體系統,內裝-駕駛室腳踏板異常,駕駛腳踏調整鋼索,斷裂
TS,電聯車系統,Tram System,車體系統,內裝-駕駛室腳踏板異常,駕駛腳踏調整鋼索,作動異常
TS,電聯車系統,Tram System,車體系統,內裝-駕駛室腳踏板異常,駕駛腳踏調整鋼索,組件故障
TS,電聯車系統,Tram System,車體系統,內裝-駕駛室隔間門異常,其他,其他
TS,電聯車系統,Tram System,車體系統,內裝-駕駛室隔間門異常,其他,組件故障
TS,電聯車系統,Tram System,車體系統,內裝-駕駛室隔間門異常,駕駛室隔間門總成,組件故障
TS,電聯車系統,Tram System,車體系統,內裝-駕駛室隔間門異常,玻璃,組件故障
TS,電聯車系統,Tram System,車體系統,內裝-駕駛室隔間門異常,鎖 / 把手 / 絞鍊,其他
TS,電聯車系統,Tram System,車體系統,內裝-駕駛室隔間門異常,鎖 / 把手 / 絞鍊,組件故障
TS,電聯車系統,Tram System,車體系統,內裝-駕駛室隔間門異常,鎖 / 把手 / 絞鍊,鬆脫/干涉
TS,電聯車系統,Tram System,車體系統,外裝異常,其他,其他
TS,電聯車系統,Tram System,車體系統,外裝異常,其他,組件故障
TS,電聯車系統,Tram System,車體系統,外裝異常,車頭漆面,脫漆
TS,電聯車系統,Tram System,車體系統,外裝異常,客室玻璃隔熱紙,組件故障
TS,電聯車系統,Tram System,車體系統,外裝異常,前擋玻璃隔熱紙,組件故障
TS,電聯車系統,Tram System,車體系統,外裝異常,側窗玻璃隔熱紙,組件故障
TS,電聯車系統,Tram System,車體系統,外裝異常,接線端子(快速接頭),組件故障
TS,電聯車系統,Tram System,車體系統,外裝異常,接線保護盒,組件故障
TS,電聯車系統,Tram System,車體系統,外裝-玻璃異常,其他,其他
TS,電聯車系統,Tram System,車體系統,外裝-玻璃異常,擋風玻璃,破損
TS,電聯車系統,Tram System,車體系統,外裝-玻璃異常,擋風玻璃,刻痕/刮傷
TS,電聯車系統,Tram System,車體系統,外裝-玻璃異常,側窗玻璃,破損
TS,電聯車系統,Tram System,車體系統,外裝-玻璃異常,側窗玻璃,刻痕/刮傷
TS,電聯車系統,Tram System,車體系統,外裝-玻璃異常,擋風玻璃/側窗除霧裝置,破損
TS,電聯車系統,Tram System,車體系統,外裝-玻璃異常,擋風玻璃/側窗除霧裝置,組件故障
TS,電聯車系統,Tram System,車體系統,外裝-玻璃異常,擋風玻璃/側窗除霧裝置,刻痕/刮傷
TS,電聯車系統,Tram System,車體系統,外裝-玻璃異常,目的地顯示器玻璃 ,破損
TS,電聯車系統,Tram System,車體系統,外裝-玻璃異常,目的地顯示器玻璃 ,刻痕/刮傷
TS,電聯車系統,Tram System,車體系統,外裝-玻璃異常,側窗(大) (逃生窗) ,破損
TS,電聯車系統,Tram System,車體系統,外裝-玻璃異常,側窗(大) (逃生窗) ,刻痕/刮傷
TS,電聯車系統,Tram System,車體系統,外裝-玻璃異常,側窗(小) (逃生窗) ,破損
TS,電聯車系統,Tram System,車體系統,外裝-玻璃異常,側窗(小) (逃生窗) ,刻痕/刮傷
TS,電聯車系統,Tram System,車體系統,外裝-玻璃異常,車門玻璃 ,破損
TS,電聯車系統,Tram System,車體系統,外裝-玻璃異常,車門玻璃 ,刻痕/刮傷
TS,電聯車系統,Tram System,車體系統,外裝-外板配置異常,車頂裙板 ,組件故障
TS,電聯車系統,Tram System,車體系統,外裝-外板配置異常,車頂裙板 ,脫膠
TS,電聯車系統,Tram System,車體系統,外裝-外板配置異常,A 柱蓋板 ,組件故障
TS,電聯車系統,Tram System,車體系統,外裝-外板配置異常,左/右側底板 ,組件故障
TS,電聯車系統,Tram System,車體系統,外裝-外板配置異常,加砂孔蓋版,鏽蝕
TS,電聯車系統,Tram System,車體系統,外裝-外板配置異常,加砂孔蓋版,干涉
TS,電聯車系統,Tram System,車體系統,外裝-外板配置異常,雨刷蓋板 ,鏽蝕
TS,電聯車系統,Tram System,車體系統,外裝-外板配置異常,雨刷蓋板 ,干涉
TS,電聯車系統,Tram System,車體系統,外裝-外板配置異常,雨刷蓋板卡扣,組件故障
TS,電聯車系統,Tram System,車體系統,外裝-外板配置異常,前緣蓋板,脫膠
TS,電聯車系統,Tram System,車體系統,外裝-外板配置異常,前緣蓋板,組件故障
TS,電聯車系統,Tram System,車體系統,外裝-外板配置異常,側牆外板 ,脫漆
TS,電聯車系統,Tram System,車體系統,外裝-外板配置異常,側牆外板 ,組件故障
TS,電聯車系統,Tram System,車體系統,外裝-外板配置異常,轉向架裙板 ,其他
TS,電聯車系統,Tram System,車體系統,外裝-外板配置異常,轉向架裙板 ,脫漆
TS,電聯車系統,Tram System,車體系統,外裝-外板配置異常,轉向架裙板 ,脫膠
TS,電聯車系統,Tram System,車體系統,外裝-外板配置異常,轉向架裙板 ,組件故障
TS,電聯車系統,Tram System,車體系統,外裝-外板配置異常,轉向架裙板伸縮阻尼桿,組件故障
TS,電聯車系統,Tram System,車體系統,外裝-外板配置異常,頂升孔蓋,其他
TS,電聯車系統,Tram System,車體系統,外裝-外板配置異常,頂升孔蓋,脫膠
TS,電聯車系統,Tram System,車體系統,外裝-外板配置異常,頂升孔蓋,遺失
TS,電聯車系統,Tram System,車體系統,車體漏水異常,膠合處,其他
TS,電聯車系統,Tram System,車體系統,車體漏水異常,膠合處,裂化
TS,電聯車系統,Tram System,空調與通風系統,客室空調異常,其他,其他
TS,電聯車系統,Tram System,空調與通風系統,客室空調異常,其他,組件故障
TS,電聯車系統,Tram System,空調與通風系統,客室空調異常,其他,暫態(需重置)
TS,電聯車系統,Tram System,空調與通風系統,客室空調異常,其他,暫態(不需重置)
TS,電聯車系統,Tram System,空調與通風系統,客室空調異常,其他,震動
TS,電聯車系統,Tram System,空調與通風系統,客室空調異常,其他,異味
TS,電聯車系統,Tram System,空調與通風系統,客室空調異常,客室空調總成,其他
TS,電聯車系統,Tram System,空調與通風系統,客室空調異常,客室空調總成,組件故障
TS,電聯車系統,Tram System,空調與通風系統,客室空調異常,空調渦捲式壓縮機,組件故障
TS,電聯車系統,Tram System,空調與通風系統,客室空調異常,空調壓縮機保護裝置,組件故障
TS,電聯車系統,Tram System,空調與通風系統,客室空調異常,空調蒸發器,組件故障
TS,電聯車系統,Tram System,空調與通風系統,客室空調異常,空調蒸發器風扇,線路鏽蝕
TS,電聯車系統,Tram System,空調與通風系統,客室空調異常,空調蒸發器風扇,組件故障
TS,電聯車系統,Tram System,空調與通風系統,客室空調異常,空調蒸發器風扇支架,組件故障
TS,電聯車系統,Tram System,空調與通風系統,客室空調異常,空調冷凝器,組件故障
TS,電聯車系統,Tram System,空調與通風系統,客室空調異常,空調冷凝器風扇,線路鏽蝕
TS,電聯車系統,Tram System,空調與通風系統,客室空調異常,空調冷凝器風扇,組件故障
TS,電聯車系統,Tram System,空調與通風系統,客室空調異常,空調膨脹閥,堵塞
TS,電聯車系統,Tram System,空調與通風系統,客室空調異常,空調膨脹閥,組件故障
TS,電聯車系統,Tram System,空調與通風系統,客室空調異常,空調冷媒集液器,堵塞
TS,電聯車系統,Tram System,空調與通風系統,客室空調異常,空調冷媒集液器,組件故障
TS,電聯車系統,Tram System,空調與通風系統,客室空調異常,空調冷媒乾燥過濾器,堵塞
TS,電聯車系統,Tram System,空調與通風系統,客室空調異常,空調冷媒乾燥過濾器,組件故障
TS,電聯車系統,Tram System,空調與通風系統,客室空調異常,空調冷媒乾燥過濾器O型環,組件故障
TS,電聯車系統,Tram System,空調與通風系統,客室空調異常,空調冷媒電磁閥,組件故障
TS,電聯車系統,Tram System,空調與通風系統,客室空調異常,空調冷媒低壓開關,組件故障
TS,電聯車系統,Tram System,空調與通風系統,客室空調異常,空調冷媒高壓開關,組件故障
TS,電聯車系統,Tram System,空調與通風系統,客室空調異常,空調電源供應器,組件故障
TS,電聯車系統,Tram System,空調與通風系統,客室空調異常,空調控制器KN700,暫態(需重置)
TS,電聯車系統,Tram System,空調與通風系統,客室空調異常,空調控制器KN700,暫態(不需重置)
TS,電聯車系統,Tram System,空調與通風系統,客室空調異常,空調控制器KN700,軟體異常
TS,電聯車系統,Tram System,空調與通風系統,客室空調異常,空調控制器KN700,組件故障
TS,電聯車系統,Tram System,空調與通風系統,客室空調異常,空調外氣溫度計,組件故障
TS,電聯車系統,Tram System,空調與通風系統,客室空調異常,空調室内溫度計,組件故障
TS,電聯車系統,Tram System,空調與通風系統,客室空調異常,空調風道溫度計,組件故障
TS,電聯車系統,Tram System,空調與通風系統,客室空調異常,空調高壓傳感器,組件故障
TS,電聯車系統,Tram System,空調與通風系統,客室空調異常,空調風門馬達,組件故障
TS,電聯車系統,Tram System,空調與通風系統,客室空調異常,空調變頻器,組件故障
TS,電聯車系統,Tram System,空調與通風系統,客室空調異常,空調電熱器溫度感測器,組件故障
TS,電聯車系統,Tram System,空調與通風系統,客室空調異常,空調電熱器,組件故障
TS,電聯車系統,Tram System,空調與通風系統,客室空調異常,空調安全溫度限制器,組件故障
TS,電聯車系統,Tram System,空調與通風系統,客室空調異常,空調溫度安全限制器,組件故障
TS,電聯車系統,Tram System,空調與通風系統,客室空調異常,空調過溫保護器玻璃珠,組件故障
TS,電聯車系統,Tram System,空調與通風系統,電氣控制元件異常,電磁接觸器K2(客室)(3RT2026-2BB40),組件故障
TS,電聯車系統,Tram System,空調與通風系統,電氣控制元件異常,電磁接觸器K1(客室)(3RT2028-1BB40),組件故障
TS,電聯車系統,Tram System,空調與通風系統,客室空調異常,空調空調harting接頭,組件故障
TS,電聯車系統,Tram System,空調與通風系統,客室空調異常,空調備用電池 ,組件故障
TS,電聯車系統,Tram System,空調與通風系統,客室空調異常,空氣過濾器,組件故障
TS,電聯車系統,Tram System,空調與通風系統,客室空調異常,冷媒管路,洩漏
TS,電聯車系統,Tram System,空調與通風系統,客室空調異常,冷媒管路,組件故障
TS,電聯車系統,Tram System,空調與通風系統,客室空調異常,氣芯式氣嘴(高壓),洩漏
TS,電聯車系統,Tram System,空調與通風系統,客室空調異常,氣芯式氣嘴(高壓),組件故障
TS,電聯車系統,Tram System,空調與通風系統,客室空調異常,氣芯式氣嘴(低壓),洩漏
TS,電聯車系統,Tram System,空調與通風系統,客室空調異常,氣芯式氣嘴(低壓),組件故障
TS,電聯車系統,Tram System,空調與通風系統,駕駛室空調異常,其他,其他
TS,電聯車系統,Tram System,空調與通風系統,駕駛室空調異常,其他,組件故障
TS,電聯車系統,Tram System,空調與通風系統,駕駛室空調異常,其他,暫態(需重置)
TS,電聯車系統,Tram System,空調與通風系統,駕駛室空調異常,其他,暫態(不需重置)
TS,電聯車系統,Tram System,空調與通風系統,駕駛室空調異常,其他,震動
TS,電聯車系統,Tram System,空調與通風系統,駕駛室空調異常,其他,異味
TS,電聯車系統,Tram System,空調與通風系統,駕駛室空調異常,駕駛室空調總成,其他
TS,電聯車系統,Tram System,空調與通風系統,駕駛室空調異常,駕駛室空調總成,重做冷媒系統
TS,電聯車系統,Tram System,空調與通風系統,駕駛室空調異常,駕駛室空調總成,組件故障
TS,電聯車系統,Tram System,空調與通風系統,駕駛室空調異常,空調渦捲式壓縮機,組件故障
TS,電聯車系統,Tram System,空調與通風系統,駕駛室空調異常,空調壓縮機保護裝置,組件故障
TS,電聯車系統,Tram System,空調與通風系統,駕駛室空調異常,空調蒸發器,組件故障
TS,電聯車系統,Tram System,空調與通風系統,駕駛室空調異常,空調蒸發器風扇,線路鏽蝕
TS,電聯車系統,Tram System,空調與通風系統,駕駛室空調異常,空調蒸發器風扇,組件故障
TS,電聯車系統,Tram System,空調與通風系統,駕駛室空調異常,空調蒸發器風扇支架,組件故障
TS,電聯車系統,Tram System,空調與通風系統,駕駛室空調異常,空調冷凝器,組件故障
TS,電聯車系統,Tram System,空調與通風系統,駕駛室空調異常,空調冷凝器風扇,線路鏽蝕
TS,電聯車系統,Tram System,空調與通風系統,駕駛室空調異常,空調冷凝器風扇,組件故障
TS,電聯車系統,Tram System,空調與通風系統,駕駛室空調異常,空調膨脹閥,組件故障
TS,電聯車系統,Tram System,空調與通風系統,駕駛室空調異常,空調變頻器,組件故障
TS,電聯車系統,Tram System,空調與通風系統,駕駛室空調異常,空調乾燥過濾及集液器,堵塞
TS,電聯車系統,Tram System,空調與通風系統,駕駛室空調異常,空調乾燥過濾及集液器,組件故障
TS,電聯車系統,Tram System,空調與通風系統,駕駛室空調異常,空調冷媒低壓開關,組件故障
TS,電聯車系統,Tram System,空調與通風系統,駕駛室空調異常,空調冷媒高壓開關,組件故障
TS,電聯車系統,Tram System,空調與通風系統,駕駛室空調異常,空調控制器KN700,暫態(需重置)
TS,電聯車系統,Tram System,空調與通風系統,駕駛室空調異常,空調控制器KN700,暫態(不需重置)
TS,電聯車系統,Tram System,空調與通風系統,駕駛室空調異常,空調控制器KN700,組件故障
TS,電聯車系統,Tram System,空調與通風系統,駕駛室空調異常,空調控制器KN700,軟體異常
TS,電聯車系統,Tram System,空調與通風系統,駕駛室空調異常,空調室内溫度計,組件故障
TS,電聯車系統,Tram System,空調與通風系統,駕駛室空調異常,空調風道溫度計,組件故障
TS,電聯車系統,Tram System,空調與通風系統,駕駛室空調異常,空調電熱器溫度感測器,組件故障
TS,電聯車系統,Tram System,空調與通風系統,駕駛室空調異常,空調電熱器,組件故障
TS,電聯車系統,Tram System,空調與通風系統,駕駛室空調異常,空調安全溫度限制器,組件故障
TS,電聯車系統,Tram System,空調與通風系統,駕駛室空調異常,空調溫度安全限制器,組件故障
TS,電聯車系統,Tram System,空調與通風系統,駕駛室空調異常,空調過溫保護器玻璃珠,組件故障
TS,電聯車系統,Tram System,空調與通風系統,駕駛室空調異常,高壓傳感器,組件故障
TS,電聯車系統,Tram System,空調與通風系統,駕駛室空調異常,空氣過濾器,組件故障
TS,電聯車系統,Tram System,空調與通風系統,駕駛室空調異常,冷媒管路,洩漏
TS,電聯車系統,Tram System,空調與通風系統,駕駛室空調異常,冷媒管路,組件故障
TS,電聯車系統,Tram System,空調與通風系統,駕駛室空調異常,空調風門馬達,組件故障
TS,電聯車系統,Tram System,空調與通風系統,駕駛室空調異常,氣芯式氣嘴(高壓),洩漏
TS,電聯車系統,Tram System,空調與通風系統,駕駛室空調異常,氣芯式氣嘴(高壓),組件故障
TS,電聯車系統,Tram System,空調與通風系統,駕駛室空調異常,氣芯式氣嘴(低壓),洩漏
TS,電聯車系統,Tram System,空調與通風系統,駕駛室空調異常,氣芯式氣嘴(低壓),組件故障
TS,電聯車系統,Tram System,空調與通風系統,駕駛室暖風機異常,其他,其他
TS,電聯車系統,Tram System,空調與通風系統,駕駛室暖風機異常,其他,組件故障
TS,電聯車系統,Tram System,空調與通風系統,駕駛室暖風機異常,駕駛室暖風機總成,組件故障
TS,電聯車系統,Tram System,空調與通風系統,駕駛室暖風機異常,駕駛室內加熱裝置,組件故障
TS,電聯車系統,Tram System,空調與通風系統,駕駛室暖風機異常,駕駛室內加熱裝置溫度限制器,組件故障
TS,電聯車系統,Tram System,空調與通風系統,電氣控制元件異常,薄型繼電器(Weidmueller MCZ R 24Vdc 1COTRAK),組件故障
TS,電聯車系統,Tram System,空調與通風系統,電氣控制元件異常,客室(F3、F6)駕駛室(F2)斷路器(TMC 1 M1 100 10A),組件故障
TS,電聯車系統,Tram System,空調與通風系統,電氣控制元件異常,駕駛室(F3)斷路器(TMC 1 M1 100 16A),組件故障
TS,電聯車系統,Tram System,空調與通風系統,電氣控制元件異常,客室(F1、F2)駕駛室(F1)斷路器(TMC 1 M1 100 25A),組件故障
TS,電聯車系統,Tram System,空調與通風系統,電氣控制元件異常,客室(F4、F5)斷路器(TMC 1 M1 100 32A),組件故障
TS,電聯車系統,Tram System,空調與通風系統,電氣控制元件異常,斷路器(ABB S201MT-B6A),組件故障
TS,電聯車系統,Tram System,空調與通風系統,電氣控制元件異常,斷路器(ABB S201MT-B32A),組件故障
TS,電聯車系統,Tram System,空調與通風系統,電氣控制元件異常,斷路器(S203MT-C16),組件故障
TS,電聯車系統,Tram System,空調與通風系統,電氣控制元件異常,斷路器(S203MT-B6),組件故障
TS,電聯車系統,Tram System,空調與通風系統,電氣控制元件異常,斷路器(S203MT-C25),組件故障
TS,電聯車系統,Tram System,空調與通風系統,電氣控制元件異常,斷路器(S203MT-K32A),組件故障
TS,電聯車系統,Tram System,空調與通風系統,電氣控制元件異常,電磁接觸器K1(駕駛室)(3RT2017-2BB41),組件故障
TS,電聯車系統,Tram System,空調與通風系統,電氣控制元件異常,接觸器(AF09ZB-30-10-21),組件故障
TS,電聯車系統,Tram System,空調與通風系統,電氣控制元件異常,接觸器(AF09ZB-30-10-21)+(CA4-22M),組件故障
TS,電聯車系統,Tram System,空調與通風系統,電氣控制元件異常,接觸器(schaltbau C137 C/24EV-V1),組件故障
TS,電聯車系統,Tram System,煞車系統,煞車液壓單元(EHU)異常,其他,其他
TS,電聯車系統,Tram System,煞車系統,煞車液壓單元(EHU)異常,其他,組件故障
TS,電聯車系統,Tram System,煞車系統,煞車液壓單元(EHU)異常,其他,暫態(需重置)
TS,電聯車系統,Tram System,煞車系統,煞車液壓單元(EHU)異常,其他,暫態(不需重置)
TS,電聯車系統,Tram System,煞車系統,煞車液壓單元(EHU)異常,煞車液壓單元總成(EHU),組件故障
TS,電聯車系統,Tram System,煞車系統,煞車液壓單元(EHU)異常,煞車EHU接頭固定螺絲座,滑牙
TS,電聯車系統,Tram System,煞車系統,煞車液壓單元(EHU)異常,煞車EHU接頭固定螺絲座,組件故障
TS,電聯車系統,Tram System,煞車系統,煞車液壓單元(EHU)異常,AV(洩壓閥),組件故障
TS,電聯車系統,Tram System,煞車系統,煞車液壓單元(EHU)異常,壓力傳感器,組件故障
TS,電聯車系統,Tram System,煞車系統,煞車液壓單元(EHU)異常,DBV(輔助煞車閥),數值異常
TS,電聯車系統,Tram System,煞車系統,煞車液壓單元(EHU)異常,DBV(輔助煞車閥),組件故障
TS,電聯車系統,Tram System,煞車系統,煞車液壓單元(EHU)異常,Y2(比例閥),其他
TS,電聯車系統,Tram System,煞車系統,煞車液壓單元(EHU)異常,Y2(比例閥),組件故障
TS,電聯車系統,Tram System,煞車系統,煞車液壓單元(EHU)異常,Y3閥(2/2),組件故障
TS,電聯車系統,Tram System,煞車系統,煞車液壓單元(EHU)異常,Y4閥(3/2),組件故障
TS,電聯車系統,Tram System,煞車系統,煞車液壓單元(EHU)異常,Y4線組,組件故障
TS,電聯車系統,Tram System,煞車系統,煞車液壓單元(EHU)異常,Y5閥(2/2),組件故障
TS,電聯車系統,Tram System,煞車系統,煞車液壓單元(EHU)異常,SV安全閥,組件故障
TS,電聯車系統,Tram System,煞車系統,煞車液壓單元(EHU)異常,直流馬達,組件故障
TS,電聯車系統,Tram System,煞車系統,煞車液壓單元(EHU)異常,馬達碳刷,組件故障
TS,電聯車系統,Tram System,煞車系統,煞車液壓單元(EHU)異常,蓄壓器(含支架),組件故障
TS,電聯車系統,Tram System,煞車系統,煞車液壓單元(EHU)異常,高壓調整器-高壓三通閥,組件故障
TS,電聯車系統,Tram System,煞車系統,煞車液壓單元(EHU)異常,高壓調整器-高壓入/出口接頭,組件故障
TS,電聯車系統,Tram System,煞車系統,煞車液壓單元(EHU)異常,閥件密封環(小)-Y4閥前端,組件故障
TS,電聯車系統,Tram System,煞車系統,煞車液壓單元(EHU)異常,閥件密封環(小)-AV閥前端,組件故障
TS,電聯車系統,Tram System,煞車系統,煞車液壓單元(EHU)異常,閥件密封環(大),組件故障
TS,電聯車系統,Tram System,煞車系統,煞車液壓單元(EHU)異常,閥件密封環(小),組件故障
TS,電聯車系統,Tram System,煞車系統,煞車液壓單元(EHU)異常,逆止閥,組件故障
TS,電聯車系統,Tram System,煞車系統,煞車液壓單元(EHU)異常,齒輪泵,組件故障
TS,電聯車系統,Tram System,煞車系統,煞車液壓單元(EHU)異常,直流馬達碳刷,組件故障
TS,電聯車系統,Tram System,煞車系統,煞車液壓單元(EHU)異常,EHU濾芯密封環,組件故障
TS,電聯車系統,Tram System,煞車系統,輔助液壓單元(AHU)異常,其他,其他
TS,電聯車系統,Tram System,煞車系統,輔助液壓單元(AHU)異常,其他,組件故障
TS,電聯車系統,Tram System,煞車系統,輔助液壓單元(AHU)異常,其他,暫態(需重置)
TS,電聯車系統,Tram System,煞車系統,輔助液壓單元(AHU)異常,其他,暫態(不需重置)
TS,電聯車系統,Tram System,煞車系統,輔助液壓單元(AHU)異常,輔助液壓單元總成(AHU),組件故障
TS,電聯車系統,Tram System,煞車系統,輔助液壓單元(AHU)異常,直流馬達,組件故障
TS,電聯車系統,Tram System,煞車系統,輔助液壓單元(AHU)異常,齒輪泵,組件故障
TS,電聯車系統,Tram System,煞車系統,輔助液壓單元(AHU)異常,Y1閥(2/2),組件故障
TS,電聯車系統,Tram System,煞車系統,輔助液壓單元(AHU)異常,AHU馬達碳刷,組件故障
TS,電聯車系統,Tram System,煞車系統,輔助液壓單元(AHU)異常,AHU濾芯密封環,組件故障
TS,電聯車系統,Tram System,煞車系統,煞車煞車碟盤異常,其他,其他
TS,電聯車系統,Tram System,煞車系統,煞車煞車碟盤異常,動力式煞車碟盤( H&K 440x32 )總成,組件故障
TS,電聯車系統,Tram System,煞車系統,煞車煞車碟盤異常,非動力式煞車碟盤( H&K 440x60 )總成,組件故障
TS,電聯車系統,Tram System,煞車系統,煞車卡鉗異常,其他,其他
TS,電聯車系統,Tram System,煞車系統,煞車卡鉗異常,其他,組件故障
TS,電聯車系統,Tram System,煞車系統,煞車卡鉗異常,動力式煞車卡鉗(彈簧作用式)( HYS 202 )總成,漏油
TS,電聯車系統,Tram System,煞車系統,煞車卡鉗異常,動力式煞車卡鉗(彈簧作用式)( HYS 202 )總成,組件故障
TS,電聯車系統,Tram System,煞車系統,煞車卡鉗異常,非動力式煞車卡鉗(彈簧作用式)( HYS 256 )總成,漏油
TS,電聯車系統,Tram System,煞車系統,煞車卡鉗異常,非動力式煞車卡鉗(彈簧作用式)( HYS 256 )總成,組件故障
TS,電聯車系統,Tram System,煞車系統,煞車卡鉗異常,動力式金屬護框,斷裂
TS,電聯車系統,Tram System,煞車系統,煞車卡鉗異常,非動力式金屬護框,斷裂
TS,電聯車系統,Tram System,煞車系統,煞車卡鉗異常,煞車來令片,磨損
TS,電聯車系統,Tram System,煞車系統,煞車卡鉗異常,煞車來令片,破損
TS,電聯車系統,Tram System,煞車系統,煞車卡鉗異常,動力式機械釋放裝置 ,組件故障
TS,電聯車系統,Tram System,煞車系統,煞車卡鉗異常,非動力式機械釋放裝置 ,組件故障
TS,電聯車系統,Tram System,煞車系統,電磁軌道煞車異常,其他,其他
TS,電聯車系統,Tram System,煞車系統,電磁軌道煞車異常,其他,組件故障
TS,電聯車系統,Tram System,煞車系統,電磁軌道煞車異常,動力式電磁軌道煞車 ( HS64 )總成,組件故障
TS,電聯車系統,Tram System,煞車系統,電磁軌道煞車異常,非動力式電磁軌道煞車 ( HS66 )總成,組件故障
TS,電聯車系統,Tram System,煞車系統,電磁軌道煞車異常,固定輪座,遺失
TS,電聯車系統,Tram System,煞車系統,電磁軌道煞車異常,固定輪座,鬆脫
TS,電聯車系統,Tram System,煞車系統,列車打滑異常,其他,暫態(需重置)
TS,電聯車系統,Tram System,煞車系統,列車打滑異常,其他,暫態(不需重置)
TS,電聯車系統,Tram System,煞車系統,煞車控制單元(BCU)異常,其他,其他
TS,電聯車系統,Tram System,煞車系統,煞車控制單元(BCU)異常,其他,暫態(需重置)
TS,電聯車系統,Tram System,煞車系統,煞車控制單元(BCU)異常,其他,暫態(不需重置)
TS,電聯車系統,Tram System,煞車系統,煞車控制單元(BCU)異常,煞車控制單元(BCU)總成,組件故障
TS,電聯車系統,Tram System,煞車系統,煞車控制單元(BCU)異常,BCU_(PSB)電源板,暫態(需重置)
TS,電聯車系統,Tram System,煞車系統,煞車控制單元(BCU)異常,BCU_(PSB)電源板,暫態(不需重置)
TS,電聯車系統,Tram System,煞車系統,煞車控制單元(BCU)異常,BCU_(PSB)電源板,板件故障
TS,電聯車系統,Tram System,煞車系統,煞車控制單元(BCU)異常,BCU_(VCB)閥控制板,暫態(需重置)
TS,電聯車系統,Tram System,煞車系統,煞車控制單元(BCU)異常,BCU_(VCB)閥控制板,暫態(不需重置)
TS,電聯車系統,Tram System,煞車系統,煞車控制單元(BCU)異常,BCU_(VCB)閥控制板,板件故障
TS,電聯車系統,Tram System,煞車系統,煞車控制單元(BCU)異常,BCU_(CPU)中央處理器板,暫態(需重置)
TS,電聯車系統,Tram System,煞車系統,煞車控制單元(BCU)異常,BCU_(CPU)中央處理器板,暫態(不需重置)
TS,電聯車系統,Tram System,煞車系統,煞車控制單元(BCU)異常,BCU_(CPU)中央處理器板,板件故障
TS,電聯車系統,Tram System,煞車系統,煞車控制單元(BCU)異常,BCU_(CIB)控制器區域網路界面板,暫態(需重置)
TS,電聯車系統,Tram System,煞車系統,煞車控制單元(BCU)異常,BCU_(CIB)控制器區域網路界面板,暫態(不需重置)
TS,電聯車系統,Tram System,煞車系統,煞車控制單元(BCU)異常,BCU_(CIB)控制器區域網路界面板,板件故障
TS,電聯車系統,Tram System,煞車系統,煞車控制單元(BCU)異常,BCU_(AIO)類比輸入/輸出板,暫態(需重置)
TS,電聯車系統,Tram System,煞車系統,煞車控制單元(BCU)異常,BCU_(AIO)類比輸入/輸出板,暫態(不需重置)
TS,電聯車系統,Tram System,煞車系統,煞車控制單元(BCU)異常,BCU_(AIO)類比輸入/輸出板,板件故障
TS,電聯車系統,Tram System,煞車系統,煞車控制單元(BCU)異常,BCU_(DIO)數位輸入/輸出板卡板,暫態(需重置)
TS,電聯車系統,Tram System,煞車系統,煞車控制單元(BCU)異常,BCU_(DIO)數位輸入/輸出板卡板,暫態(不需重置)
TS,電聯車系統,Tram System,煞車系統,煞車控制單元(BCU)異常,BCU_(DIO)數位輸入/輸出板卡板,板件故障
TS,電聯車系統,Tram System,煞車系統,煞車控制單元(BCU)異常,車輛載重偵測裝置,數值異常
TS,電聯車系統,Tram System,煞車系統,煞車控制單元(BCU)異常,車輛載重偵測裝置,組件故障
TS,電聯車系統,Tram System,煞車系統,煞車控制單元(BCU)異常,速度感應器,暫態(需重置)
TS,電聯車系統,Tram System,煞車系統,煞車控制單元(BCU)異常,速度感應器,暫態(不需重置)
TS,電聯車系統,Tram System,煞車系統,煞車控制單元(BCU)異常,速度感應器,組件故障
TS,電聯車系統,Tram System,煞車系統,煞車控制單元(BCU)異常,加壓裝置,組件故障
TS,電聯車系統,Tram System,煞車系統,轉向架ERR,其他,暫態(需重置)
TS,電聯車系統,Tram System,煞車系統,轉向架ERR,其他,暫態(不需重置)
TS,電聯車系統,Tram System,煞車系統,電氣控制元件異常,斷路器(ABB S201MT-B10),組件故障
TS,電聯車系統,Tram System,煞車系統,電氣控制元件異常,斷路器(ABB S201MT-B6),組件故障
TS,電聯車系統,Tram System,煞車系統,電氣控制元件異常,斷路器(ABB S201MT-K32A),組件故障
TS,電聯車系統,Tram System,煞車系統,電氣控制元件異常,斷路器(ABB S201MT-Z4),組件故障
TS,電聯車系統,Tram System,煞車系統,電氣控制元件異常,斷路器(ABB S801S-B80),組件故障
TS,電聯車系統,Tram System,煞車系統,電氣控制元件異常,繼電器(LUETZE RPE 6-6306 DC 24 V / FK),組件故障
TS,電聯車系統,Tram System,煞車系統,電氣控制元件異常,繼電器(Luetze LRZK6F-D024-240H-01),組件故障
TS,電聯車系統,Tram System,煞車系統,電氣控制元件異常,延時繼電器(ABB CT-MFS.21S),組件故障
TS,電聯車系統,Tram System,煞車系統,電氣控制元件異常,半導體繼電器模組(Luetze OT-6155 DC 24 V),組件故障
TS,電聯車系統,Tram System,煞車系統,電氣控制元件異常,薄型繼電器(Weidmueller MCZ R 24Vdc 1COTRAK),組件故障
TS,電聯車系統,Tram System,煞車系統,電氣控制元件異常,電流信號轉換器(2857-0550),組件故障
TS,電聯車系統,Tram System,照明系統,車外照明異常,其他,其他
TS,電聯車系統,Tram System,照明系統,車外照明異常,其他,組件故障
TS,電聯車系統,Tram System,照明系統,車外照明異常,頭燈(含光源),暫態(需重置)
TS,電聯車系統,Tram System,照明系統,車外照明異常,頭燈(含光源),暫態(不需重置)
TS,電聯車系統,Tram System,照明系統,車外照明異常,頭燈(含光源),脫膠
TS,電聯車系統,Tram System,照明系統,車外照明異常,頭燈(含光源),組件故障
TS,電聯車系統,Tram System,照明系統,車外照明異常,車頂燈(含光源),暫態(需重置)
TS,電聯車系統,Tram System,照明系統,車外照明異常,車頂燈(含光源),暫態(不需重置)
TS,電聯車系統,Tram System,照明系統,車外照明異常,車頂燈(含光源),組件故障
TS,電聯車系統,Tram System,照明系統,車外照明異常,車頂燈過電壓保護器,暫態(需重置)
TS,電聯車系統,Tram System,照明系統,車外照明異常,車頂燈過電壓保護器,暫態(不需重置)
TS,電聯車系統,Tram System,照明系統,車外照明異常,車頂燈過電壓保護器,組件故障
TS,電聯車系統,Tram System,照明系統,車外照明異常,前燈單元總成控制盒,暫態(需重置)
TS,電聯車系統,Tram System,照明系統,車外照明異常,前燈單元總成控制盒,暫態(不需重置)
TS,電聯車系統,Tram System,照明系統,車外照明異常,前燈單元總成控制盒,組件故障
TS,電聯車系統,Tram System,照明系統,車外照明異常,前霧燈(含光源),暫態(需重置)
TS,電聯車系統,Tram System,照明系統,車外照明異常,前霧燈(含光源),暫態(不需重置)
TS,電聯車系統,Tram System,照明系統,車外照明異常,前霧燈(含光源),組件故障
TS,電聯車系統,Tram System,照明系統,車外照明異常,晝行燈、標識燈、方向燈組(含光源),暫態(需重置)
TS,電聯車系統,Tram System,照明系統,車外照明異常,晝行燈、標識燈、方向燈組(含光源),暫態(不需重置)
TS,電聯車系統,Tram System,照明系統,車外照明異常,晝行燈、標識燈、方向燈組(含光源),組件故障
TS,電聯車系統,Tram System,照明系統,車外照明異常,尾燈、煞車燈組(含光源),暫態(需重置)
TS,電聯車系統,Tram System,照明系統,車外照明異常,尾燈、煞車燈組(含光源),暫態(不需重置)
TS,電聯車系統,Tram System,照明系統,車外照明異常,尾燈、煞車燈組(含光源),組件故障
TS,電聯車系統,Tram System,照明系統,車外照明異常,後霧燈、倒車燈組(含光源),暫態(需重置)
TS,電聯車系統,Tram System,照明系統,車外照明異常,後霧燈、倒車燈組(含光源),暫態(不需重置)
TS,電聯車系統,Tram System,照明系統,車外照明異常,後霧燈、倒車燈組(含光源),組件故障
TS,電聯車系統,Tram System,照明系統,車外照明異常,車側方向燈(含光源),暫態(需重置)
TS,電聯車系統,Tram System,照明系統,車外照明異常,車側方向燈(含光源),暫態(不需重置)
TS,電聯車系統,Tram System,照明系統,車外照明異常,車側方向燈(含光源),組件故障
TS,電聯車系統,Tram System,照明系統,車外照明異常,車側標識燈(含光源),暫態(需重置)
TS,電聯車系統,Tram System,照明系統,車外照明異常,車側標識燈(含光源),暫態(不需重置)
TS,電聯車系統,Tram System,照明系統,車外照明異常,車側標識燈(含光源),組件故障
TS,電聯車系統,Tram System,照明系統,車外照明異常,前燈單元總成控制盒 ,暫態(需重置)
TS,電聯車系統,Tram System,照明系統,車外照明異常,前燈單元總成控制盒 ,暫態(不需重置)
TS,電聯車系統,Tram System,照明系統,車外照明異常,前燈單元總成控制盒 ,組件故障
TS,電聯車系統,Tram System,照明系統,車內照明異常,其他,其他
TS,電聯車系統,Tram System,照明系統,車內照明異常,其他,組件故障
TS,電聯車系統,Tram System,照明系統,車內照明異常,客室LED燈板1(含光源),暫態(需重置)
TS,電聯車系統,Tram System,照明系統,車內照明異常,客室LED燈板1(含光源),暫態(不需重置)
TS,電聯車系統,Tram System,照明系統,車內照明異常,客室LED燈板1(含光源),組件故障
TS,電聯車系統,Tram System,照明系統,車內照明異常,客室LED燈板2(含光源),暫態(需重置)
TS,電聯車系統,Tram System,照明系統,車內照明異常,客室LED燈板2(含光源),暫態(不需重置)
TS,電聯車系統,Tram System,照明系統,車內照明異常,客室LED燈板2(含光源),組件故障
TS,電聯車系統,Tram System,照明系統,車內照明異常,客室LED燈板3(含光源),暫態(需重置)
TS,電聯車系統,Tram System,照明系統,車內照明異常,客室LED燈板3(含光源),暫態(不需重置)
TS,電聯車系統,Tram System,照明系統,車內照明異常,客室LED燈板3(含光源),組件故障
TS,電聯車系統,Tram System,照明系統,車內照明異常,上下車門處照明燈具(含光源),暫態(需重置)
TS,電聯車系統,Tram System,照明系統,車內照明異常,上下車門處照明燈具(含光源),暫態(不需重置)
TS,電聯車系統,Tram System,照明系統,車內照明異常,上下車門處照明燈具(含光源),組件故障
TS,電聯車系統,Tram System,照明系統,車內照明異常,客室照明變壓器,暫態(需重置)
TS,電聯車系統,Tram System,照明系統,車內照明異常,客室照明變壓器,暫態(不需重置)
TS,電聯車系統,Tram System,照明系統,車內照明異常,客室照明變壓器,組件故障
TS,電聯車系統,Tram System,照明系統,車內照明異常,光感應器,暫態(需重置)
TS,電聯車系統,Tram System,照明系統,車內照明異常,光感應器,暫態(不需重置)
TS,電聯車系統,Tram System,照明系統,車內照明異常,光感應器,組件故障
TS,電聯車系統,Tram System,照明系統,駕駛室照明,其他,其他
TS,電聯車系統,Tram System,照明系統,駕駛室照明,其他,組件故障
TS,電聯車系統,Tram System,照明系統,駕駛室照明,閱讀燈 ,組件故障
TS,電聯車系統,Tram System,照明系統,駕駛室照明,駕駛室照明燈 ,組件故障
TS,電聯車系統,Tram System,照明系統,電氣控制元件異常,斷路器(ABB S201MT-B6A),組件故障
TS,電聯車系統,Tram System,照明系統,電氣控制元件異常,斷路器(ABB S201MT-K4A),組件故障
TS,電聯車系統,Tram System,照明系統,電氣控制元件異常,斷路器(ABB S201MT-K2A),組件故障
TS,電聯車系統,Tram System,照明系統,電氣控制元件異常,斷路器(ABB S201MT-Z2A),組件故障
TS,電聯車系統,Tram System,照明系統,電氣控制元件異常,斷路器(ABB S201MT-K2),組件故障
TS,電聯車系統,Tram System,照明系統,電氣控制元件異常,繼電器(Luetze LRZK6F-D024-240H-01),組件故障
TS,電聯車系統,Tram System,照明系統,電氣控制元件異常,薄型繼電器(Weidmueller MCZ R 24Vdc 1COTRAK),組件故障
TS,電聯車系統,Tram System,電力與推進系統,牽引馬達異常,其他,其他
TS,電聯車系統,Tram System,電力與推進系統,牽引馬達異常,其他,組件故障
TS,電聯車系統,Tram System,電力與推進系統,牽引馬達異常,牽引馬達總成,組件故障
TS,電聯車系統,Tram System,電力與推進系統,牽引馬達異常,速度感測器 ,暫態(需重置)
TS,電聯車系統,Tram System,電力與推進系統,牽引馬達異常,速度感測器 ,暫態(不需重置)
TS,電聯車系統,Tram System,電力與推進系統,牽引馬達異常,速度感測器 ,組件故障
TS,電聯車系統,Tram System,電力與推進系統,牽引馬達異常,溫度感測器,暫態(需重置)
TS,電聯車系統,Tram System,電力與推進系統,牽引馬達異常,溫度感測器,暫態(不需重置)
TS,電聯車系統,Tram System,電力與推進系統,牽引馬達異常,溫度感測器,組件故障
TS,電聯車系統,Tram System,電力與推進系統,牽引換流器及輔助電源供應器異常,其他,其他
TS,電聯車系統,Tram System,電力與推進系統,牽引換流器及輔助電源供應器異常,其他,組件故障
TS,電聯車系統,Tram System,電力與推進系統,牽引換流器及輔助電源供應器異常,其他,暫態(需重置)
TS,電聯車系統,Tram System,電力與推進系統,牽引換流器及輔助電源供應器異常,其他,暫態(不需重置)
TS,電聯車系統,Tram System,電力與推進系統,牽引換流器及輔助電源供應器異常,ACU卡板,板件故障
TS,電聯車系統,Tram System,電力與推進系統,牽引換流器及輔助電源供應器異常,ACU卡板,暫態(需重置)
TS,電聯車系統,Tram System,電力與推進系統,牽引換流器及輔助電源供應器異常,ACU卡板,暫態(不需重置)
TS,電聯車系統,Tram System,電力與推進系統,牽引換流器及輔助電源供應器異常,TCU卡板,板件故障
TS,電聯車系統,Tram System,電力與推進系統,牽引換流器及輔助電源供應器異常,TCU卡板,暫態(需重置)
TS,電聯車系統,Tram System,電力與推進系統,牽引換流器及輔助電源供應器異常,TCU卡板,暫態(不需重置)
TS,電聯車系統,Tram System,電力與推進系統,牽引換流器及輔助電源供應器異常,儲能裝置電抗器,組件故障
TS,電聯車系統,Tram System,電力與推進系統,牽引換流器及輔助電源供應器異常,牽引電抗器,組件故障
TS,電聯車系統,Tram System,電力與推進系統,牽引換流器及輔助電源供應器異常,輔電電抗器,組件故障
TS,電聯車系統,Tram System,電力與推進系統,牽引換流器及輔助電源供應器異常,電壓感測器模組,組件故障
TS,電聯車系統,Tram System,電力與推進系統,牽引換流器及輔助電源供應器異常,斷路器模組,組件故障
TS,電聯車系統,Tram System,電力與推進系統,牽引換流器及輔助電源供應器異常,24Vdc電源穩壓器模組,暫態(需重置)
TS,電聯車系統,Tram System,電力與推進系統,牽引換流器及輔助電源供應器異常,24Vdc電源穩壓器模組,暫態(不需重置)
TS,電聯車系統,Tram System,電力與推進系統,牽引換流器及輔助電源供應器異常,24Vdc電源穩壓器模組,組件故障
TS,電聯車系統,Tram System,電力與推進系統,牽引換流器及輔助電源供應器異常,24Vdc控制繼電器模組,暫態(需重置)
TS,電聯車系統,Tram System,電力與推進系統,牽引換流器及輔助電源供應器異常,24Vdc控制繼電器模組,暫態(不需重置)
TS,電聯車系統,Tram System,電力與推進系統,牽引換流器及輔助電源供應器異常,24Vdc控制繼電器模組,組件故障
TS,電聯車系統,Tram System,電力與推進系統,牽引換流器及輔助電源供應器異常,CanBus通訊模組,暫態(需重置)
TS,電聯車系統,Tram System,電力與推進系統,牽引換流器及輔助電源供應器異常,CanBus通訊模組,暫態(不需重置)
TS,電聯車系統,Tram System,電力與推進系統,牽引換流器及輔助電源供應器異常,CanBus通訊模組,組件故障
TS,電聯車系統,Tram System,電力與推進系統,牽引換流器及輔助電源供應器異常,內部散熱風扇模組,組件故障
TS,電聯車系統,Tram System,電力與推進系統,牽引換流器及輔助電源供應器異常,外部散熱風扇模組,組件故障
TS,電聯車系統,Tram System,電力與推進系統,牽引換流器及輔助電源供應器異常,CC400繼電器,組件故障
TS,電聯車系統,Tram System,電力與推進系統,牽引換流器及輔助電源供應器異常,IGBT 卡板,暫態(需重置)
TS,電聯車系統,Tram System,電力與推進系統,牽引換流器及輔助電源供應器異常,IGBT 卡板,暫態(不需重置)
TS,電聯車系統,Tram System,電力與推進系統,牽引換流器及輔助電源供應器異常,IGBT 卡板,板件故障
TS,電聯車系統,Tram System,電力與推進系統,牽引換流器異常,其他,其他
TS,電聯車系統,Tram System,電力與推進系統,牽引換流器異常,其他,組件故障
TS,電聯車系統,Tram System,電力與推進系統,牽引換流器異常,牽引變流器總成,組件故障
TS,電聯車系統,Tram System,電力與推進系統,牽引換流器異常,輸入電源保險絲,組件故障
TS,電聯車系統,Tram System,電力與推進系統,牽引換流器異常,輸入電源接觸器,組件故障
TS,電聯車系統,Tram System,電力與推進系統,牽引換流器異常,儲能裝置被動元件組,組件故障
TS,電聯車系統,Tram System,電力與推進系統,牽引換流器異常,輸入電源電流感測器,組件故障
TS,電聯車系統,Tram System,電力與推進系統,輔助電源供應器異常,其他,其他
TS,電聯車系統,Tram System,電力與推進系統,輔助電源供應器異常,其他,組件故障
TS,電聯車系統,Tram System,電力與推進系統,輔助電源供應器異常,輔助電源供應器總成,組件故障
TS,電聯車系統,Tram System,電力與推進系統,輔助電源供應器異常,高頻整流器模組(XC),組件故障
TS,電聯車系統,Tram System,電力與推進系統,輔助電源供應器異常,輔助變流器模組(AUX),組件故障
TS,電聯車系統,Tram System,電力與推進系統,輔助電源供應器異常,24Vdc 充電器模組,暫態(需重置)
TS,電聯車系統,Tram System,電力與推進系統,輔助電源供應器異常,24Vdc 充電器模組,暫態(不需重置)
TS,電聯車系統,Tram System,電力與推進系統,輔助電源供應器異常,24Vdc 充電器模組,組件故障
TS,電聯車系統,Tram System,電力與推進系統,輔助電源供應器異常,24Vdc充電器輸出二極體模組,組件故障
TS,電聯車系統,Tram System,電力與推進系統,輔助電源供應器異常,輸入保險絲,組件故障
TS,電聯車系統,Tram System,電力與推進系統,輔助電源供應器異常,輸入接觸器,組件故障
TS,電聯車系統,Tram System,電力與推進系統,儲能裝置異常,其他,其他
TS,電聯車系統,Tram System,電力與推進系統,儲能裝置異常,其他,組件故障
TS,電聯車系統,Tram System,電力與推進系統,儲能裝置異常,儲能電池(ESS)總成,絕緣異常
TS,電聯車系統,Tram System,電力與推進系統,儲能裝置異常,儲能電池(ESS)總成,組件故障
TS,電聯車系統,Tram System,電力與推進系統,儲能裝置異常,儲能電池(ESS)總成,暫態(需重置)
TS,電聯車系統,Tram System,電力與推進系統,儲能裝置異常,儲能電池(ESS)總成,暫態(不需重置)
TS,電聯車系統,Tram System,電力與推進系統,儲能裝置異常,保險絲(外),組件故障
TS,電聯車系統,Tram System,電力與推進系統,儲能裝置異常,乾燥包,組件故障
TS,電聯車系統,Tram System,電力與推進系統,儲能裝置異常,冷卻液,其他
TS,電聯車系統,Tram System,電力與推進系統,儲能裝置異常,冷卻液,酸鹼值不合格
TS,電聯車系統,Tram System,電力與推進系統,儲能裝置異常,高壓隔離開關,組件故障
TS,電聯車系統,Tram System,電力與推進系統,儲能裝置異常,電源管理系統(BMS),組件故障
TS,電聯車系統,Tram System,電力與推進系統,儲能裝置異常,絕緣監視模組,組件故障
TS,電聯車系統,Tram System,電力與推進系統,儲能裝置異常,水管墊圈,組件故障
TS,電聯車系統,Tram System,電力與推進系統,儲能裝置異常,回水螺絲,鏽蝕
TS,電聯車系統,Tram System,電力與推進系統,儲能裝置異常,回水螺絲,組件故障
TS,電聯車系統,Tram System,電力與推進系統,冷卻器異常,其他,暫態(需重置)
TS,電聯車系統,Tram System,電力與推進系統,冷卻器異常,其他,暫態(不需重置)
TS,電聯車系統,Tram System,電力與推進系統,冷卻器異常,其他,其他
TS,電聯車系統,Tram System,電力與推進系統,冷卻器異常,其他,組件故障
TS,電聯車系統,Tram System,電力與推進系統,冷卻器異常,冷卻器總成,冷媒系統異常
TS,電聯車系統,Tram System,電力與推進系統,冷卻器異常,冷卻器總成,暫態(需重置)
TS,電聯車系統,Tram System,電力與推進系統,冷卻器異常,冷卻器總成,暫態(不需重置)
TS,電聯車系統,Tram System,電力與推進系統,冷卻器異常,冷卻器總成,組件故障
TS,電聯車系統,Tram System,電力與推進系統,冷卻器異常,風扇,組件故障
TS,電聯車系統,Tram System,電力與推進系統,冷卻器異常,冷凝器,組件故障
TS,電聯車系統,Tram System,電力與推進系統,冷卻器異常,冷媒收集器,堵塞
TS,電聯車系統,Tram System,電力與推進系統,冷卻器異常,冷媒收集器,組件故障
TS,電聯車系統,Tram System,電力與推進系統,冷卻器異常,乾燥器,堵塞
TS,電聯車系統,Tram System,電力與推進系統,冷卻器異常,乾燥器,組件故障
TS,電聯車系統,Tram System,電力與推進系統,冷卻器異常,熱交換器,組件故障
TS,電聯車系統,Tram System,電力與推進系統,冷卻器異常,無水位開關,組件故障
TS,電聯車系統,Tram System,電力與推進系統,冷卻器異常,液位感測器,組件故障
TS,電聯車系統,Tram System,電力與推進系統,冷卻器異常,出入口接頭,鏽蝕
TS,電聯車系統,Tram System,電力與推進系統,冷卻器異常,出入口接頭,組件故障
TS,電聯車系統,Tram System,電力與推進系統,冷卻器異常,水箱溫度感測器,組件故障
TS,電聯車系統,Tram System,電力與推進系統,冷卻器異常,低水位感測器,組件故障
TS,電聯車系統,Tram System,電力與推進系統,冷卻器異常,高水位感測器,組件故障
TS,電聯車系統,Tram System,電力與推進系統,冷卻器異常,高壓開關,組件故障
TS,電聯車系統,Tram System,電力與推進系統,冷卻器異常,高壓感測器,組件故障
TS,電聯車系統,Tram System,電力與推進系統,冷卻器異常,壓縮機,組件故障
TS,電聯車系統,Tram System,電力與推進系統,冷卻器異常,壓縮機過溫保護開關,組件故障
TS,電聯車系統,Tram System,電力與推進系統,冷卻器異常,膨脹閥,堵塞
TS,電聯車系統,Tram System,電力與推進系統,冷卻器異常,膨脹閥,組件故障
TS,電聯車系統,Tram System,電力與推進系統,冷卻器異常,水泵,組件故障
TS,電聯車系統,Tram System,電力與推進系統,冷卻器異常,水管,堵塞
TS,電聯車系統,Tram System,電力與推進系統,冷卻器異常,水管,洩漏
TS,電聯車系統,Tram System,電力與推進系統,冷卻器異常,水管,組件故障
TS,電聯車系統,Tram System,電力與推進系統,機廠電源插座異常,其他,其他
TS,電聯車系統,Tram System,電力與推進系統,機廠電源插座異常,其他,組件故障
TS,電聯車系統,Tram System,電力與推進系統,機廠電源插座異常,機廠電源插座總成,組件故障
TS,電聯車系統,Tram System,電力與推進系統,機廠電源插座異常,機廠電源插座微動開關,組件故障
TS,電聯車系統,Tram System,電力與推進系統,機廠電源插座異常,機廠電源插座接觸器,組件故障
TS,電聯車系統,Tram System,電力與推進系統,高速斷路器異常,其他,組件故障
TS,電聯車系統,Tram System,電力與推進系統,高速斷路器異常,其他,浸水
TS,電聯車系統,Tram System,電力與推進系統,高速斷路器異常,其他,其他
TS,電聯車系統,Tram System,電力與推進系統,高速斷路器異常,高速斷路器總成,組件故障
TS,電聯車系統,Tram System,電力與推進系統,高速斷路器異常,高速斷路器保護罩,組件故障
TS,電聯車系統,Tram System,電力與推進系統,高速斷路器異常,高速斷路器過流保護器,組件故障
TS,電聯車系統,Tram System,電力與推進系統,高速斷路器異常,高速斷路器消弧室,組件故障
TS,電聯車系統,Tram System,電力與推進系統,高速斷路器異常,高速斷路器閉合裝置及耦合器,組件故障
TS,電聯車系統,Tram System,電力與推進系統,集電系統異常,其他,組件故障
TS,電聯車系統,Tram System,電力與推進系統,集電系統異常,其他,其他
TS,電聯車系統,Tram System,電力與推進系統,集電系統異常,集電弓總成,鏽蝕
TS,電聯車系統,Tram System,電力與推進系統,集電系統異常,集電弓總成,組件故障
TS,電聯車系統,Tram System,電力與推進系統,集電系統異常,集電弓鏈條總成,組件故障
TS,電聯車系統,Tram System,電力與推進系統,集電系統異常,集電弓彈簧片,組件故障
TS,電聯車系統,Tram System,電力與推進系統,集電系統異常,集電弓橡膠彈簧元件,組件故障
TS,電聯車系統,Tram System,電力與推進系統,集電系統異常,集電弓主軸驅動器,定位異常
TS,電聯車系統,Tram System,電力與推進系統,集電系統異常,集電弓主軸驅動器,組件故障
TS,電聯車系統,Tram System,電力與推進系統,集電系統異常,集電弓主軸驅動器,暫態(需重置)
TS,電聯車系統,Tram System,電力與推進系統,集電系統異常,集電弓主軸驅動器,暫態(不需重置)
TS,電聯車系統,Tram System,電力與推進系統,集電系統異常,集電弓弓頭,組件故障
TS,電聯車系統,Tram System,電力與推進系統,集電系統異常,集電弓下導桿,變形/歪斜
TS,電聯車系統,Tram System,電力與推進系統,集電系統異常,集電弓下導桿,組件故障
TS,電聯車系統,Tram System,電力與推進系統,集電系統異常,集電弓張緊彈簧,組件故障
TS,電聯車系統,Tram System,電力與推進系統,集電系統異常,集電弓手搖曲柄位置感測器,組件故障
TS,電聯車系統,Tram System,電力與推進系統,電氣控制元件異常,集電弓(手動曲柄保護極限開關(omron D4CC-4060),暫態(需重置)
TS,電聯車系統,Tram System,電力與推進系統,電氣控制元件異常,集電弓(手動曲柄保護極限開關(omron D4CC-4060),暫態(不需重置)
TS,電聯車系統,Tram System,電力與推進系統,電氣控制元件異常,集電弓(手動曲柄保護極限開關(omron D4CC-4060),組件故障
TS,電聯車系統,Tram System,電力與推進系統,集電系統異常,集電弓手動曲柄彈性軸,斷裂
TS,電聯車系統,Tram System,電力與推進系統,集電系統異常,集電弓手動曲柄彈性軸,鏽蝕
TS,電聯車系統,Tram System,電力與推進系統,集電系統異常,集電弓手動曲柄彈性軸,組件故障
TS,電聯車系統,Tram System,電力與推進系統,集電系統異常,集電弓絕緣礙子,組件故障
TS,電聯車系統,Tram System,電力與推進系統,集電系統異常,集電弓絕緣礙子保護蓋,破損
TS,電聯車系統,Tram System,電力與推進系統,集電系統異常,集電弓絕緣礙子保護蓋,組件故障
TS,電聯車系統,Tram System,電力與推進系統,集電系統異常,集電弓過高位限位檔塊,位移
TS,電聯車系統,Tram System,電力與推進系統,集電系統異常,集電弓過高位限位檔塊,組件故障
TS,電聯車系統,Tram System,電力與推進系統,集電系統異常,集電弓過高位極限開關(Telemecanique ZCK-D21),作動異常
TS,電聯車系統,Tram System,電力與推進系統,集電系統異常,集電弓過高位極限開關(Telemecanique ZCK-D21),組件故障
TS,電聯車系統,Tram System,電力與推進系統,集電系統異常,集電弓碳刷片(PanTrac),火花異常
TS,電聯車系統,Tram System,電力與推進系統,集電系統異常,集電弓碳刷片(PanTrac),磨損
TS,電聯車系統,Tram System,電力與推進系統,集電系統異常,集電弓碳刷片(PanTrac),破損
TS,電聯車系統,Tram System,電力與推進系統,集電系統異常,集電弓碳刷片(Stemmann-Technik),磨損
TS,電聯車系統,Tram System,電力與推進系統,集電系統異常,集電弓碳刷片(Stemmann-Technik),破損
TS,電聯車系統,Tram System,電力與推進系統,集電系統異常,集電弓導電編織線,遺失
TS,電聯車系統,Tram System,電力與推進系統,集電系統異常,集電弓導電編織線,組件故障
TS,電聯車系統,Tram System,電力與推進系統,集電系統異常,集電弓運動阻尼,鏽蝕
TS,電聯車系統,Tram System,電力與推進系統,集電系統異常,集電弓運動阻尼,組件故障
TS,電聯車系統,Tram System,電力與推進系統,集電系統異常,接線保護盒,組件故障
TS,電聯車系統,Tram System,電力與推進系統,煞車電阻異常,其他,組件故障
TS,電聯車系統,Tram System,電力與推進系統,煞車電阻異常,其他,其他
TS,電聯車系統,Tram System,電力與推進系統,煞車電阻異常,煞車電阻器(含箱體),組件故障
TS,電聯車系統,Tram System,電力與推進系統,煞車電阻異常,礙子,組件故障
TS,電聯車系統,Tram System,電力與推進系統,煞車電阻異常,緊固件,遺失
TS,電聯車系統,Tram System,電力與推進系統,煞車電阻異常,緊固件,鬆脫
TS,電聯車系統,Tram System,電力與推進系統,煞車電阻異常,緊固件,組件故障
TS,電聯車系統,Tram System,電力與推進系統,煞車電阻異常,散熱鰭片,組件故障
TS,電聯車系統,Tram System,電力與推進系統,煞車電阻異常,散熱鰭片,髒污
TS,電聯車系統,Tram System,電力與推進系統,煞車電阻異常,接地系統,組件故障
TS,電聯車系統,Tram System,電力與推進系統,煞車電阻異常,接地系統,遺失
TS,電聯車系統,Tram System,電力與推進系統,電池組異常,其他,其他
TS,電聯車系統,Tram System,電力與推進系統,電池組異常,其他,組件故障
TS,電聯車系統,Tram System,電力與推進系統,電池組異常,電池組總成,組件故障
TS,電聯車系統,Tram System,電力與推進系統,電池組異常,MSX130X19電池 ,組件故障
TS,電聯車系統,Tram System,電力與推進系統,電池組異常,NTC溫度感測器,組件故障
TS,電聯車系統,Tram System,電力與推進系統,電池組異常,160A保險絲,組件故障
TS,電聯車系統,Tram System,電力與推進系統,電池組異常,連接片 ,組件故障
TS,電聯車系統,Tram System,電力與推進系統,電池組異常,連接 電纜線,組件故障
TS,電聯車系統,Tram System,電力與推進系統,電池組異常,連接 電纜線,遺失
TS,電聯車系統,Tram System,電力與推進系統,電池組異常,切換開關 ,組件故障
TS,電聯車系統,Tram System,電力與推進系統,電池組異常,保險絲 ,組件故障
TS,電聯車系統,Tram System,電力與推進系統,電池組異常,保險絲基座 ,組件故障
TS,電聯車系統,Tram System,電力與推進系統,電池組異常,加水系統 ,組件故障
TS,電聯車系統,Tram System,電力與推進系統,電池組異常,密封部件 ,組件故障
TS,電聯車系統,Tram System,電力與推進系統,其他異常,其他,組件故障
TS,電聯車系統,Tram System,電力與推進系統,其他異常,其他,其他
TS,電聯車系統,Tram System,電力與推進系統,電氣控制元件異常,Schaltbau C195A/24EV-U2,組件故障
TS,電聯車系統,Tram System,電力與推進系統,電氣控制元件異常,半導體繼電器 (LUETZE OT-6155 FK/SK DC 24V/40A 716155),組件故障
TS,電聯車系統,Tram System,電力與推進系統,電氣控制元件異常,冷卻器-F1斷路器(5SY5106-7KK11)/+(5ST3010),組件故障
TS,電聯車系統,Tram System,電力與推進系統,電氣控制元件異常,冷卻器-2F1斷路器(RV2011-1FA20),組件故障
TS,電聯車系統,Tram System,電力與推進系統,電氣控制元件異常,冷卻器-1F2斷路器(5SY5110-7 5SY51 MCB C10),組件故障
TS,電聯車系統,Tram System,電力與推進系統,電氣控制元件異常,冷卻器-1F3斷路器(5SY5110-7 5SY51 MCB C4),組件故障
TS,電聯車系統,Tram System,電力與推進系統,電氣控制元件異常,斷路器(ABB S201MT-B16A),組件故障
TS,電聯車系統,Tram System,電力與推進系統,電氣控制元件異常,斷路器(ABB S201MT-B6A),組件故障
TS,電聯車系統,Tram System,電力與推進系統,電氣控制元件異常,斷路器(ABB S201MT-B6),組件故障
TS,電聯車系統,Tram System,電力與推進系統,電氣控制元件異常,斷路器(S203MT-C10),組件故障
TS,電聯車系統,Tram System,電力與推進系統,電氣控制元件異常,斷路器(S203MT-B32),組件故障
TS,電聯車系統,Tram System,電力與推進系統,電氣控制元件異常,斷路器(S203MT-B16),組件故障
TS,電聯車系統,Tram System,電力與推進系統,電氣控制元件異常,冷卻器-8Q2(壓縮機)接觸器(3RT2026-2KB40),組件故障
TS,電聯車系統,Tram System,電力與推進系統,電氣控制元件異常,冷卻器-10Q1(控制板&風扇)8Q1(水泵)接觸器(3RT2017-2KB41),組件故障
TS,電聯車系統,Tram System,電力與推進系統,電氣控制元件異常,接觸器(AF09ZB-22-00-21),組件故障
TS,電聯車系統,Tram System,電力與推進系統,電氣控制元件異常,接觸器(AF09ZB-30-10-21)+(CA4-22M),組件故障
TS,電聯車系統,Tram System,電力與推進系統,電氣控制元件異常,繼電器(Z-MF-2091),組件故障
TS,電聯車系統,Tram System,電力與推進系統,電氣控制元件異常,繼電器(Luetze LRZK 6F-D024-240H-01),組件故障
TS,電聯車系統,Tram System,電力與推進系統,電氣控制元件異常,薄型繼電器(Weidmueller MCZ R 24Vdc 1COTRAK),組件故障
TS,電聯車系統,Tram System,監控與安全裝置系統,行車監視紀錄器異常,其他,其他
TS,電聯車系統,Tram System,監控與安全裝置系統,行車監視紀錄器異常,其他,暫態(需重置)
TS,電聯車系統,Tram System,監控與安全裝置系統,行車監視紀錄器異常,其他,暫態(不需重置)
TS,電聯車系統,Tram System,監控與安全裝置系統,行車監視紀錄器異常,其他,組件故障
TS,電聯車系統,Tram System,監控與安全裝置系統,行車監視紀錄器異常,行車監視紀錄器總成,暫態(需重置)
TS,電聯車系統,Tram System,監控與安全裝置系統,行車監視紀錄器異常,行車監視紀錄器總成,暫態(不需重置)
TS,電聯車系統,Tram System,監控與安全裝置系統,行車監視紀錄器異常,行車監視紀錄器總成,組件故障
TS,電聯車系統,Tram System,監控與安全裝置系統,行車監視紀錄器異常,DEUTA速度感測器,髒污
TS,電聯車系統,Tram System,監控與安全裝置系統,行車監視紀錄器異常,DEUTA速度感測器,暫態(需重置)
TS,電聯車系統,Tram System,監控與安全裝置系統,行車監視紀錄器異常,DEUTA速度感測器,暫態(不需重置)
TS,電聯車系統,Tram System,監控與安全裝置系統,行車監視紀錄器異常,DEUTA速度感測器,組件故障
TS,電聯車系統,Tram System,監控與安全裝置系統,行車監視紀錄器異常,車速表,暫態(需重置)
TS,電聯車系統,Tram System,監控與安全裝置系統,行車監視紀錄器異常,車速表,暫態(不需重置)
TS,電聯車系統,Tram System,監控與安全裝置系統,行車監視紀錄器異常,車速表,組件故障
TS,電聯車系統,Tram System,監控與安全裝置系統,電氣控制元件異常,安全煞車繼電器(LUETZE RPE 6-6375),暫態(需重置)
TS,電聯車系統,Tram System,監控與安全裝置系統,電氣控制元件異常,安全煞車繼電器(LUETZE RPE 6-6375),暫態(不需重置)
TS,電聯車系統,Tram System,監控與安全裝置系統,電氣控制元件異常,安全煞車繼電器(LUETZE RPE 6-6375),組件故障
TS,電聯車系統,Tram System,監控與安全裝置系統,車輛控制單元異常,其他,其他
TS,電聯車系統,Tram System,監控與安全裝置系統,車輛控制單元異常,其他,組件故障
TS,電聯車系統,Tram System,監控與安全裝置系統,車輛控制單元異常,其他,暫態(需重置)
TS,電聯車系統,Tram System,監控與安全裝置系統,車輛控制單元異常,其他,暫態(不需重置)
TS,電聯車系統,Tram System,監控與安全裝置系統,車輛控制單元異常,顯示時間異常,暫態(需重置)
TS,電聯車系統,Tram System,監控與安全裝置系統,車輛控制單元異常,顯示時間異常,暫態(不需重置)
TS,電聯車系統,Tram System,監控與安全裝置系統,總故障燈迴路異常,其他,暫態(需重置)
TS,電聯車系統,Tram System,監控與安全裝置系統,總故障燈迴路異常,其他,暫態(不需重置)
TS,電聯車系統,Tram System,監控與安全裝置系統,總故障燈迴路異常,CMS即顯示E1,暫態(需重置)
TS,電聯車系統,Tram System,監控與安全裝置系統,總故障燈迴路異常,CMS即顯示E1,暫態(不需重置)
TS,電聯車系統,Tram System,監控與安全裝置系統,車輛控制單元異常,節點設備(DDC),組件故障
TS,電聯車系統,Tram System,監控與安全裝置系統,車輛控制單元異常,節點設備(DDC),暫態(需重置)
TS,電聯車系統,Tram System,監控與安全裝置系統,車輛控制單元異常,節點設備(DDC),暫態(不需重置)
TS,電聯車系統,Tram System,監控與安全裝置系統,車輛控制單元異常,車輛控制單元(VCU),組件故障
TS,電聯車系統,Tram System,監控與安全裝置系統,車輛控制單元異常,車輛控制單元(VCU),暫態(需重置)
TS,電聯車系統,Tram System,監控與安全裝置系統,車輛控制單元異常,車輛控制單元(VCU),暫態(不需重置)
TS,電聯車系統,Tram System,監控與安全裝置系統,車輛控制單元異常,診斷CPU,組件故障
TS,電聯車系統,Tram System,監控與安全裝置系統,車輛控制單元異常,診斷CPU,暫態(需重置)
TS,電聯車系統,Tram System,監控與安全裝置系統,車輛控制單元異常,診斷CPU,暫態(不需重置)
TS,電聯車系統,Tram System,監控與安全裝置系統,車輛控制單元異常,SD 卡,板件故障
TS,電聯車系統,Tram System,監控與安全裝置系統,車輛控制單元異常,數位輸入輸出單元(DDT),組件故障
TS,電聯車系統,Tram System,監控與安全裝置系統,車輛控制單元異常,數位輸入輸出單元(DDT),暫態(需重置)
TS,電聯車系統,Tram System,監控與安全裝置系統,車輛控制單元異常,數位輸入輸出單元(DDT),暫態(不需重置)
TS,電聯車系統,Tram System,監控與安全裝置系統,車輛控制單元異常,數位輸入單元(DIT),組件故障
TS,電聯車系統,Tram System,監控與安全裝置系統,車輛控制單元異常,數位輸入單元(DIT),暫態(需重置)
TS,電聯車系統,Tram System,監控與安全裝置系統,車輛控制單元異常,數位輸入單元(DIT),暫態(不需重置)
TS,電聯車系統,Tram System,監控與安全裝置系統,車輛控制單元異常,人機界面觸控螢幕,暫態(需重置)
TS,電聯車系統,Tram System,監控與安全裝置系統,車輛控制單元異常,人機界面觸控螢幕,暫態(不需重置)
TS,電聯車系統,Tram System,監控與安全裝置系統,車輛控制單元異常,人機界面觸控螢幕,組件故障
TS,電聯車系統,Tram System,監控與安全裝置系統,車輛控制單元異常,CAN BUS,組件故障
TS,電聯車系統,Tram System,監控與安全裝置系統,車輛控制單元異常,CAN BUS,暫態(需重置)
TS,電聯車系統,Tram System,監控與安全裝置系統,車輛控制單元異常,CAN BUS,暫態(不需重置)
TS,電聯車系統,Tram System,監控與安全裝置系統,煙霧偵測器異常,其他,其他
TS,電聯車系統,Tram System,監控與安全裝置系統,煙霧偵測器異常,其他,組件故障
TS,電聯車系統,Tram System,監控與安全裝置系統,煙霧偵測器異常,偵煙器,髒污
TS,電聯車系統,Tram System,監控與安全裝置系統,煙霧偵測器異常,偵煙器,組件故障
TS,電聯車系統,Tram System,監控與安全裝置系統,煙霧偵測器異常,偵煙器,暫態(需重置)
TS,電聯車系統,Tram System,監控與安全裝置系統,煙霧偵測器異常,偵煙器,暫態(不需重置)
TS,電聯車系統,Tram System,監控與安全裝置系統,煙霧偵測器異常,偵煙器(含基座),組件故障
TS,電聯車系統,Tram System,監控與安全裝置系統,客室緊急煞車把手異常,客室緊急煞車把手,組件故障
TS,電聯車系統,Tram System,監控與安全裝置系統,電氣控制元件異常,斷路器(ABB S201MT-B10A),組件故障
TS,電聯車系統,Tram System,監控與安全裝置系統,電氣控制元件異常,斷路器(ABB S201MT-B6A),組件故障
TS,電聯車系統,Tram System,監控與安全裝置系統,電氣控制元件異常,斷路器(ABB S201MT-Z2A),組件故障
TS,電聯車系統,Tram System,監控與安全裝置系統,電氣控制元件異常,斷路器(ABB S201MT-Z1),組件故障
TS,電聯車系統,Tram System,監控與安全裝置系統,電氣控制元件異常,斷路器(ABB S201MT-Z2),組件故障
TS,電聯車系統,Tram System,監控與安全裝置系統,電氣控制元件異常,延時繼電器(ABB CT-MFS.21S),組件故障
TS,電聯車系統,Tram System,監控與安全裝置系統,電氣控制元件異常,繼電器耦合器(Weidmueller RCMKITP-I 24VDC4COTRAK),組件故障
TS,電聯車系統,Tram System,監控與安全裝置系統,電氣控制元件異常,薄型繼電器(Weidmueller MCZ R 24Vdc 1COTRAK),組件故障
TS,電聯車系統,Tram System,轉向架系統,車輪與車軸異常,其他,其他
TS,電聯車系統,Tram System,轉向架系統,車輪與車軸異常,其他,組件故障
TS,電聯車系統,Tram System,轉向架系統,車輪與車軸異常,動力式內軸承,組件故障
TS,電聯車系統,Tram System,轉向架系統,車輪與車軸異常,非動力式內軸承,組件故障
TS,電聯車系統,Tram System,轉向架系統,車輪與車軸異常,動力式外軸承,組件故障
TS,電聯車系統,Tram System,轉向架系統,車輪與車軸異常,非動力式外軸承,組件故障
TS,電聯車系統,Tram System,轉向架系統,車輪與車軸異常,動力式車輪,組件故障
TS,電聯車系統,Tram System,轉向架系統,車輪與車軸異常,非動力式車輪,組件故障
TS,電聯車系統,Tram System,轉向架系統,車輪與車軸異常,非動力式接地線,遺失
TS,電聯車系統,Tram System,轉向架系統,車輪與車軸異常,非動力式接地線,組件故障
TS,電聯車系統,Tram System,轉向架系統,車輪與車軸異常,動力式接地線,遺失
TS,電聯車系統,Tram System,轉向架系統,車輪與車軸異常,動力式接地線,組件故障
TS,電聯車系統,Tram System,轉向架系統,車輪與車軸異常,非動力式接地碳刷,其他
TS,電聯車系統,Tram System,轉向架系統,車輪與車軸異常,非動力式接地碳刷,磨損
TS,電聯車系統,Tram System,轉向架系統,車輪與車軸異常,動力式接地碳刷,其他
TS,電聯車系統,Tram System,轉向架系統,車輪與車軸異常,動力式接地碳刷,磨損
TS,電聯車系統,Tram System,轉向架系統,車輪與車軸異常,動力式輪軸組,組件故障
TS,電聯車系統,Tram System,轉向架系統,車輪與車軸異常,非動力式輪軸組,組件故障
TS,電聯車系統,Tram System,轉向架系統,車輪與車軸異常,動力式彈性車輪螺栓 ,其他
TS,電聯車系統,Tram System,轉向架系統,車輪與車軸異常,動力式彈性車輪螺栓 ,遺失
TS,電聯車系統,Tram System,轉向架系統,車輪與車軸異常,非動力彈性車輪螺栓 ,其他
TS,電聯車系統,Tram System,轉向架系統,車輪與車軸異常,非動力彈性車輪螺栓 ,遺失
TS,電聯車系統,Tram System,轉向架系統,車輪與車軸異常,動力式輪轂 ,組件故障
TS,電聯車系統,Tram System,轉向架系統,車輪與車軸異常,非動力式輪轂 ,組件故障
TS,電聯車系統,Tram System,轉向架系統,車輪與車軸異常,動力式橡膠環 ,組件故障
TS,電聯車系統,Tram System,轉向架系統,車輪與車軸異常,非動力式橡膠環 ,組件故障
TS,電聯車系統,Tram System,轉向架系統,車輪與車軸異常,動力式輪箍 ,組件故障
TS,電聯車系統,Tram System,轉向架系統,車輪與車軸異常,非動力式輪箍 ,組件故障
TS,電聯車系統,Tram System,轉向架系統,車輪與車軸異常,動力式楔形環 ,組件故障
TS,電聯車系統,Tram System,轉向架系統,車輪與車軸異常,非動力式楔形環 ,組件故障
TS,電聯車系統,Tram System,轉向架系統,車輪與車軸異常,動力式接地裝置導電板 ,組件故障
TS,電聯車系統,Tram System,轉向架系統,車輪與車軸異常,非動力式接地裝置導電板 ,組件故障
TS,電聯車系統,Tram System,轉向架系統,車輪與車軸異常,動力式偏心車軸,組件故障
TS,電聯車系統,Tram System,轉向架系統,車輪與車軸異常,非動力式偏心車軸,組件故障
TS,電聯車系統,Tram System,轉向架系統,轉向架異常,其他,組件故障
TS,電聯車系統,Tram System,轉向架系統,轉向架異常,其他,其他
TS,電聯車系統,Tram System,轉向架系統,轉向架異常,油管,洩漏
TS,電聯車系統,Tram System,轉向架系統,轉向架異常,油管,堵塞
TS,電聯車系統,Tram System,轉向架系統,轉向架異常,油管,組件故障
TS,電聯車系統,Tram System,轉向架系統,轉向架異常,動力式轉向架框,組件故障
TS,電聯車系統,Tram System,轉向架系統,轉向架異常,動力式橫向避震器,鬆脫
TS,電聯車系統,Tram System,轉向架系統,轉向架異常,動力式橫向避震器,組件故障
TS,電聯車系統,Tram System,轉向架系統,齒輪傳動裝置異常,動力式撓性接頭,斷裂
TS,電聯車系統,Tram System,轉向架系統,齒輪傳動裝置異常,動力式撓性接頭,螺絲鬆脫/遺失
TS,電聯車系統,Tram System,轉向架系統,齒輪傳動裝置異常,動力式撓性接頭,組件故障
TS,電聯車系統,Tram System,轉向架系統,轉向架異常,動力式垂直避震器,鬆脫
TS,電聯車系統,Tram System,轉向架系統,轉向架異常,動力式垂直避震器,組件故障
TS,電聯車系統,Tram System,轉向架系統,轉向架異常,動力式二次懸吊,組件故障
TS,電聯車系統,Tram System,轉向架系統,轉向架異常,動力式一次懸吊,組件故障
TS,電聯車系統,Tram System,轉向架系統,轉向架異常,動力式一次懸吊止檔,組件故障
TS,電聯車系統,Tram System,轉向架系統,轉向架異常,動力式車體止檔,組件故障
TS,電聯車系統,Tram System,轉向架系統,轉向架異常,動力式一次簧(楔型橡膠),組件故障
TS,電聯車系統,Tram System,轉向架系統,轉向架異常,動力式一次簧間隙固定座,組件故障
TS,電聯車系統,Tram System,轉向架系統,轉向架異常,動力式二次簧(含捲簧及橡膠),組件故障
TS,電聯車系統,Tram System,轉向架系統,轉向架異常,動力式緩衝橡皮墊片,組件故障
TS,電聯車系統,Tram System,轉向架系統,轉向架異常,動力式二次簧墊片,組件故障
TS,電聯車系統,Tram System,轉向架系統,轉向架異常,動力式二次懸吊彈簧座,組件故障
TS,電聯車系統,Tram System,轉向架系統,轉向架異常,動力式二次懸吊緩衝橡皮,組件故障
TS,電聯車系統,Tram System,轉向架系統,轉向架異常,動力式迷宮式油封,其他
TS,電聯車系統,Tram System,轉向架系統,轉向架異常,動力式迷宮式油封,組件故障
TS,電聯車系統,Tram System,轉向架系統,轉向架異常,動力式磁軌道煞車吊架 ,組件故障
TS,電聯車系統,Tram System,轉向架系統,轉向架異常,排障器,組件故障
TS,電聯車系統,Tram System,轉向架系統,轉向架異常,牽引桿,其他
TS,電聯車系統,Tram System,轉向架系統,轉向架異常,牽引桿,裂化
TS,電聯車系統,Tram System,轉向架系統,轉向架異常,牽引桿,組件故障
TS,電聯車系統,Tram System,轉向架系統,轉向架異常,非動力式轉向架框,組件故障
TS,電聯車系統,Tram System,轉向架系統,轉向架異常,非動力式橫向避震器,鬆脫
TS,電聯車系統,Tram System,轉向架系統,轉向架異常,非動力式橫向避震器,組件故障
TS,電聯車系統,Tram System,轉向架系統,齒輪傳動裝置異常,非動力式撓性接頭,斷裂
TS,電聯車系統,Tram System,轉向架系統,齒輪傳動裝置異常,非動力式撓性接頭,螺絲鬆脫/遺失
TS,電聯車系統,Tram System,轉向架系統,齒輪傳動裝置異常,非動力式撓性接頭,組件故障
TS,電聯車系統,Tram System,轉向架系統,轉向架異常,非動力式垂直避震器,鬆脫
TS,電聯車系統,Tram System,轉向架系統,轉向架異常,非動力式垂直避震器,組件故障
TS,電聯車系統,Tram System,轉向架系統,轉向架異常,非動力式二次懸吊,組件故障
TS,電聯車系統,Tram System,轉向架系統,轉向架異常,非動力式一次懸吊,組件故障
TS,電聯車系統,Tram System,轉向架系統,轉向架異常,非動力式一次懸吊止檔,組件故障
TS,電聯車系統,Tram System,轉向架系統,轉向架異常,非動力式車體止檔,組件故障
TS,電聯車系統,Tram System,轉向架系統,轉向架異常,非動力式一次簧(楔型橡膠),組件故障
TS,電聯車系統,Tram System,轉向架系統,轉向架異常,非動力式一次簧間隙固定座,組件故障
TS,電聯車系統,Tram System,轉向架系統,轉向架異常,非動力式二次簧(含捲簧及橡膠),組件故障
TS,電聯車系統,Tram System,轉向架系統,轉向架異常,非動力式緩衝橡皮墊片,組件故障
TS,電聯車系統,Tram System,轉向架系統,轉向架異常,非動力式二次簧墊片,組件故障
TS,電聯車系統,Tram System,轉向架系統,轉向架異常,非動力式二次懸吊彈簧座,組件故障
TS,電聯車系統,Tram System,轉向架系統,轉向架異常,非動力式二次懸吊緩衝橡皮,組件故障
TS,電聯車系統,Tram System,轉向架系統,轉向架異常,非動力式迷宮式油封,其他
TS,電聯車系統,Tram System,轉向架系統,轉向架異常,非動力式迷宮式油封,組件故障
TS,電聯車系統,Tram System,轉向架系統,轉向架異常,非動力式電磁軌道煞車吊架 ,組件故障
TS,電聯車系統,Tram System,轉向架系統,齒輪傳動裝置異常,其他,其他
TS,電聯車系統,Tram System,轉向架系統,齒輪傳動裝置異常,其他,組件故障
TS,電聯車系統,Tram System,轉向架系統,齒輪傳動裝置異常,非動力式撓性接頭螺絲,遺失
TS,電聯車系統,Tram System,轉向架系統,齒輪傳動裝置異常,非動力式撓性接頭,其他
TS,電聯車系統,Tram System,轉向架系統,齒輪傳動裝置異常,動力式撓性接頭螺絲,遺失
TS,電聯車系統,Tram System,轉向架系統,齒輪傳動裝置異常,動力式撓性接頭,其他
TS,電聯車系統,Tram System,轉向架系統,齒輪傳動裝置異常,齒輪箱總成,異音
TS,電聯車系統,Tram System,轉向架系統,齒輪傳動裝置異常,齒輪箱總成,組件故障
TS,電聯車系統,Tram System,轉向架系統,齒輪傳動裝置異常,齒輪箱總成,磨損
TS,電聯車系統,Tram System,轉向架系統,齒輪傳動裝置異常,齒輪箱軸承,組件故障
TS,電聯車系統,Tram System,轉向架系統,齒輪傳動裝置異常,齒輪箱軸承,漏油
TS,電聯車系統,Tram System,轉向架系統,齒輪傳動裝置異常,量油螺栓,鐵屑較多
TS,電聯車系統,Tram System,轉向架系統,齒輪傳動裝置異常,量油螺栓,遺失
TS,電聯車系統,Tram System,轉向架系統,齒輪傳動裝置異常,量油螺栓墊片,斷裂
TS,電聯車系統,Tram System,轉向架系統,齒輪傳動裝置異常,量油螺栓墊片,遺失
TS,電聯車系統,Tram System,車載通訊系統,閉路電視系統異常,其他,其他
TS,電聯車系統,Tram System,車載通訊系統,閉路電視系統異常,其他,暫態(需重置)
TS,電聯車系統,Tram System,車載通訊系統,閉路電視系統異常,其他,暫態(不需重置)
TS,電聯車系統,Tram System,車載通訊系統,閉路電視系統異常,CCTV影像紀錄器(NVR),組件故障
TS,電聯車系統,Tram System,車載通訊系統,閉路電視系統異常,CCTV影像紀錄器(NVR)硬碟,組件故障
TS,電聯車系統,Tram System,車載通訊系統,閉路電視系統異常,CCTV人機界面觸控螢幕,暫態(需重置)
TS,電聯車系統,Tram System,車載通訊系統,閉路電視系統異常,CCTV人機界面觸控螢幕,暫態(不需重置)
TS,電聯車系統,Tram System,車載通訊系統,閉路電視系統異常,CCTV人機界面觸控螢幕,組件故障
TS,電聯車系統,Tram System,車載通訊系統,閉路電視系統異常,IP客室攝影機,暫態(需重置)
TS,電聯車系統,Tram System,車載通訊系統,閉路電視系統異常,IP客室攝影機,暫態(不需重置)
TS,電聯車系統,Tram System,車載通訊系統,閉路電視系統異常,IP客室攝影機,組件故障
TS,電聯車系統,Tram System,車載通訊系統,閉路電視系統異常,IP客室攝影機,拍攝角度異常
TS,電聯車系統,Tram System,車載通訊系統,閉路電視系統異常,IP客室攝影機,鬆脫
TS,電聯車系統,Tram System,車載通訊系統,閉路電視系統異常,IP後視攝影機,暫態(需重置)
TS,電聯車系統,Tram System,車載通訊系統,閉路電視系統異常,IP後視攝影機,暫態(不需重置)
TS,電聯車系統,Tram System,車載通訊系統,閉路電視系統異常,IP後視攝影機,組件故障
TS,電聯車系統,Tram System,車載通訊系統,閉路電視系統異常,IP後視攝影機,拍攝角度異常
TS,電聯車系統,Tram System,車載通訊系統,閉路電視系統異常,IP後視攝影機,鬆脫
TS,電聯車系統,Tram System,車載通訊系統,閉路電視系統異常,IP前視攝影機,暫態(需重置)
TS,電聯車系統,Tram System,車載通訊系統,閉路電視系統異常,IP前視攝影機,暫態(不需重置)
TS,電聯車系統,Tram System,車載通訊系統,閉路電視系統異常,IP前視攝影機,組件故障
TS,電聯車系統,Tram System,車載通訊系統,閉路電視系統異常,IP前視攝影機,拍攝角度異常
TS,電聯車系統,Tram System,車載通訊系統,閉路電視系統異常,IP前視攝影機,鬆脫
TS,電聯車系統,Tram System,車載通訊系統,閉路電視系統異常,影像連結單元(Video link),暫態(需重置)
TS,電聯車系統,Tram System,車載通訊系統,閉路電視系統異常,影像連結單元(Video link),暫態(不需重置)
TS,電聯車系統,Tram System,車載通訊系統,閉路電視系統異常,影像連結單元(Video link),組件故障
TS,電聯車系統,Tram System,車載通訊系統,閉路電視系統異常,影像連結單元(Video link)變壓器,組件故障
TS,電聯車系統,Tram System,車載通訊系統,閉路電視系統異常,後視鏡顯示器(左),其他
TS,電聯車系統,Tram System,車載通訊系統,閉路電視系統異常,後視鏡顯示器(左),組件故障
TS,電聯車系統,Tram System,車載通訊系統,閉路電視系統異常,後視鏡顯示器(右),其他
TS,電聯車系統,Tram System,車載通訊系統,閉路電視系統異常,後視鏡顯示器(右),組件故障
TS,電聯車系統,Tram System,車載通訊系統,閉路電視系統異常,類比後視攝影機(左),其他
TS,電聯車系統,Tram System,車載通訊系統,閉路電視系統異常,類比後視攝影機(左),拍攝角度異常
TS,電聯車系統,Tram System,車載通訊系統,閉路電視系統異常,類比後視攝影機(左),組件故障
TS,電聯車系統,Tram System,車載通訊系統,閉路電視系統異常,類比後視攝影機(右),其他
TS,電聯車系統,Tram System,車載通訊系統,閉路電視系統異常,類比後視攝影機(右),拍攝角度異常
TS,電聯車系統,Tram System,車載通訊系統,閉路電視系統異常,類比後視攝影機(右),組件故障
TS,電聯車系統,Tram System,車載通訊系統,閉路電視系統異常,列車多媒體資訊顯示器(TMDS)(MASTER),暫態(需重置)
TS,電聯車系統,Tram System,車載通訊系統,閉路電視系統異常,列車多媒體資訊顯示器(TMDS)(MASTER),暫態(不需重置)
TS,電聯車系統,Tram System,車載通訊系統,閉路電視系統異常,列車多媒體資訊顯示器(TMDS)(MASTER),其他
TS,電聯車系統,Tram System,車載通訊系統,閉路電視系統異常,列車多媒體資訊顯示器(TMDS)(MASTER),組件故障
TS,電聯車系統,Tram System,車載通訊系統,閉路電視系統異常,列車多媒體資訊顯示器(TMDS)(MASTER),軟體異常
TS,電聯車系統,Tram System,車載通訊系統,閉路電視系統異常,列車多媒體資訊顯示器(TMDS)(MASTER),鈕扣電池異常
TS,電聯車系統,Tram System,車載通訊系統,閉路電視系統異常,列車多媒體資訊顯示器(TMDS)(SLAVE),暫態(需重置)
TS,電聯車系統,Tram System,車載通訊系統,閉路電視系統異常,列車多媒體資訊顯示器(TMDS)(SLAVE),暫態(不需重置)
TS,電聯車系統,Tram System,車載通訊系統,閉路電視系統異常,列車多媒體資訊顯示器(TMDS)(SLAVE),其他
TS,電聯車系統,Tram System,車載通訊系統,閉路電視系統異常,列車多媒體資訊顯示器(TMDS)(SLAVE),組件故障
TS,電聯車系統,Tram System,車載通訊系統,閉路電視系統異常,列車多媒體資訊顯示器(TMDS)(SLAVE),軟體異常
TS,電聯車系統,Tram System,車載通訊系統,閉路電視系統異常,列車多媒體資訊顯示器(TMDS)(SLAVE),鈕扣電池異常
TS,電聯車系統,Tram System,車載通訊系統,閉路電視系統異常,列車多媒體資訊顯示器(TMDS)喇叭,組件故障
TS,電聯車系統,Tram System,車載通訊系統,閉路電視系統異常,列車多媒體資訊顯示器(TMDS)喇叭,暫態(需重置)
TS,電聯車系統,Tram System,車載通訊系統,閉路電視系統異常,列車多媒體資訊顯示器(TMDS)喇叭,暫態(不需重置)
TS,電聯車系統,Tram System,車載通訊系統,車載通訊系統異常,其他,其他
TS,電聯車系統,Tram System,車載通訊系統,車載通訊系統異常,其他,組件故障
TS,電聯車系統,Tram System,車載通訊系統,車載通訊系統異常,路徑未開通,暫態(不需重置)
TS,電聯車系統,Tram System,車載通訊系統,車載通訊系統異常,路徑未開通,暫態(需重置)
TS,電聯車系統,Tram System,車載通訊系統,車載通訊系統異常,TETRA/Wi-Wi/GPS天線,組件故障
TS,電聯車系統,Tram System,車載通訊系統,車載通訊系統異常,TETRA/Wi-Wi/GPS天線,暫態(需重置)
TS,電聯車系統,Tram System,車載通訊系統,車載通訊系統異常,TETRA/Wi-Wi/GPS天線,暫態(不需重置)
TS,電聯車系統,Tram System,車載通訊系統,車載通訊系統異常,TETRA收發機(Tetra Transceiver),組件故障
TS,電聯車系統,Tram System,車載通訊系統,車載通訊系統異常,TETRA收發機(Tetra Transceiver),暫態(需重置)
TS,電聯車系統,Tram System,車載通訊系統,車載通訊系統異常,TETRA收發機(Tetra Transceiver),暫態(不需重置)
TS,電聯車系統,Tram System,車載通訊系統,車載通訊系統異常,ETRA直流電源轉換器,組件故障
TS,電聯車系統,Tram System,車載通訊系統,車載通訊系統異常,Wi-Fi模組,組件故障
TS,電聯車系統,Tram System,車載通訊系統,車載通訊系統異常,Wi-Fi模組,暫態(需重置)
TS,電聯車系統,Tram System,車載通訊系統,車載通訊系統異常,Wi-Fi模組,暫態(不需重置)
TS,電聯車系統,Tram System,車載通訊系統,車載通訊系統異常,司機員人機界面(DCI),組件故障
TS,電聯車系統,Tram System,車載通訊系統,車載通訊系統異常,司機員人機界面(DCI),暫態(需重置)
TS,電聯車系統,Tram System,車載通訊系統,車載通訊系統異常,司機員人機界面(DCI),暫態(不需重置)
TS,電聯車系統,Tram System,車載通訊系統,車載通訊系統異常,車載控制單元(OBCU),軟體異常
TS,電聯車系統,Tram System,車載通訊系統,車載通訊系統異常,車載控制單元(OBCU),組件故障
TS,電聯車系統,Tram System,車載通訊系統,車載通訊系統異常,車載控制單元(OBCU),暫態(需重置)
TS,電聯車系統,Tram System,車載通訊系統,車載通訊系統異常,車載控制單元(OBCU),暫態(不需重置)
TS,電聯車系統,Tram System,車載通訊系統,車載通訊系統異常,車載控制單元(OBCU),鈕扣電池異常
TS,電聯車系統,Tram System,車載通訊系統,車載通訊系統異常,旅客緊急對講機(PEI),組件故障
TS,電聯車系統,Tram System,車載通訊系統,車載通訊系統異常,旅客緊急對講機(PEI),暫態(需重置)
TS,電聯車系統,Tram System,車載通訊系統,車載通訊系統異常,旅客緊急對講機(PEI),暫態(不需重置)
TS,電聯車系統,Tram System,車載通訊系統,車載通訊系統異常,旅客緊急對講機(PEI),軟體異常
TS,電聯車系統,Tram System,車載通訊系統,車載通訊系統異常,旅客緊急對講機(PEI),其他
TS,電聯車系統,Tram System,車載通訊系統,車載通訊系統異常,環境噪音麥克風,其他
TS,電聯車系統,Tram System,車載通訊系統,車載通訊系統異常,環境噪音麥克風,組件故障
TS,電聯車系統,Tram System,車載通訊系統,車載通訊系統異常,鵝頸式麥克風,暫態(需重置)
TS,電聯車系統,Tram System,車載通訊系統,車載通訊系統異常,鵝頸式麥克風,暫態(不需重置)
TS,電聯車系統,Tram System,車載通訊系統,車載通訊系統異常,鵝頸式麥克風,其他
TS,電聯車系統,Tram System,車載通訊系統,車載通訊系統異常,鵝頸式麥克風,鬆脫
TS,電聯車系統,Tram System,車載通訊系統,車載通訊系統異常,鵝頸式麥克風,組件故障
TS,電聯車系統,Tram System,車載通訊系統,車載通訊系統異常,IP擴音器,暫態(需重置)
TS,電聯車系統,Tram System,車載通訊系統,車載通訊系統異常,IP擴音器,暫態(不需重置)
TS,電聯車系統,Tram System,車載通訊系統,車載通訊系統異常,IP擴音器,組件故障
TS,電聯車系統,Tram System,車載通訊系統,車載通訊系統異常,車外喇叭,鬆脫
TS,電聯車系統,Tram System,車載通訊系統,車載通訊系統異常,車外喇叭,暫態(需重置)
TS,電聯車系統,Tram System,車載通訊系統,車載通訊系統異常,車外喇叭,暫態(不需重置)
TS,電聯車系統,Tram System,車載通訊系統,車載通訊系統異常,車外喇叭,組件故障
TS,電聯車系統,Tram System,車載通訊系統,車載通訊系統異常,車內/駕駛室喇叭,鬆脫
TS,電聯車系統,Tram System,車載通訊系統,車載通訊系統異常,車內/駕駛室喇叭,暫態(需重置)
TS,電聯車系統,Tram System,車載通訊系統,車載通訊系統異常,車內/駕駛室喇叭,暫態(不需重置)
TS,電聯車系統,Tram System,車載通訊系統,車載通訊系統異常,車內/駕駛室喇叭,組件故障
TS,電聯車系統,Tram System,車載通訊系統,車載通訊系統異常,車內喇叭匹配100V變壓器,組件故障
TS,電聯車系統,Tram System,車載通訊系統,車載通訊系統異常,標籤讀取器(Tag Reader),組件故障
TS,電聯車系統,Tram System,車載通訊系統,車載通訊系統異常,標籤讀取器(Tag Reader),暫態(需重置)
TS,電聯車系統,Tram System,車載通訊系統,車載通訊系統異常,標籤讀取器(Tag Reader),暫態(不需重置)
TS,電聯車系統,Tram System,車載通訊系統,車載通訊系統異常,網管型乙太網路交換器(駕駛室),組件故障
TS,電聯車系統,Tram System,車載通訊系統,車載通訊系統異常,網管型乙太網路交換器(駕駛室),暫態(需重置)
TS,電聯車系統,Tram System,車載通訊系統,車載通訊系統異常,網管型乙太網路交換器(駕駛室),暫態(不需重置)
TS,電聯車系統,Tram System,車載通訊系統,車載通訊系統異常,網管型乙太網路交換器(模組1/2/4/5),組件故障
TS,電聯車系統,Tram System,車載通訊系統,車載通訊系統異常,網管型乙太網路交換器(模組1/2/4/5),暫態(需重置)
TS,電聯車系統,Tram System,車載通訊系統,車載通訊系統異常,網管型乙太網路交換器(模組1/2/4/5),暫態(不需重置)
TS,電聯車系統,Tram System,車載通訊系統,車載通訊系統異常,網管型乙太網路交換器(模組3),組件故障
TS,電聯車系統,Tram System,車載通訊系統,車載通訊系統異常,網管型乙太網路交換器(模組3),暫態(需重置)
TS,電聯車系統,Tram System,車載通訊系統,車載通訊系統異常,網管型乙太網路交換器(模組3),暫態(不需重置)
TS,電聯車系統,Tram System,車載通訊系統,車載通訊系統異常,線路(Cat6A 傳輸線2.5M M12-D code 公-公),組件故障
TS,電聯車系統,Tram System,車載通訊系統,目的地顯示器異常,其他,組件故障
TS,電聯車系統,Tram System,車載通訊系統,目的地顯示器異常,其他,其他
TS,電聯車系統,Tram System,車載通訊系統,目的地顯示器異常,車內旅客資訊顯示器(TDDU),暫態(需重置)
TS,電聯車系統,Tram System,車載通訊系統,目的地顯示器異常,車內旅客資訊顯示器(TDDU),暫態(不需重置)
TS,電聯車系統,Tram System,車載通訊系統,目的地顯示器異常,車內旅客資訊顯示器(TDDU),組件故障
TS,電聯車系統,Tram System,車載通訊系統,目的地顯示器異常,車內旅客資訊顯示器(TDDU),其他
TS,電聯車系統,Tram System,車載通訊系統,目的地顯示器異常,車外目的地顯示器(TSDU),暫態(需重置)
TS,電聯車系統,Tram System,車載通訊系統,目的地顯示器異常,車外目的地顯示器(TSDU),暫態(不需重置)
TS,電聯車系統,Tram System,車載通訊系統,目的地顯示器異常,車外目的地顯示器(TSDU),組件故障
TS,電聯車系統,Tram System,車載通訊系統,目的地顯示器異常,車外目的地顯示器(TSDU),其他
TS,電聯車系統,Tram System,車載通訊系統,目的地顯示器異常,車次顯示裝置,暫態(需重置)
TS,電聯車系統,Tram System,車載通訊系統,目的地顯示器異常,車次顯示裝置,暫態(不需重置)
TS,電聯車系統,Tram System,車載通訊系統,目的地顯示器異常,車次顯示裝置,組件故障
TS,電聯車系統,Tram System,車載通訊系統,目的地顯示器異常,車次顯示裝置,其他
TS,電聯車系統,Tram System,車載通訊系統,目的地顯示器異常,車頭目的地顯示器,暫態(需重置)
TS,電聯車系統,Tram System,車載通訊系統,目的地顯示器異常,車頭目的地顯示器,暫態(不需重置)
TS,電聯車系統,Tram System,車載通訊系統,目的地顯示器異常,車頭目的地顯示器,組件故障
TS,電聯車系統,Tram System,車載通訊系統,目的地顯示器異常,車頭目的地顯示器,其他
TS,電聯車系統,Tram System,車載通訊系統,電氣控制元件異常,斷路器(ABB S201MT-B10A),組件故障
TS,電聯車系統,Tram System,車載通訊系統,電氣控制元件異常,斷路器(ABB S201MT-Z2A),組件故障
TS,電聯車系統,Tram System,車載通訊系統,電氣控制元件異常,斷路器(S201MT-B6A),組件故障
TS,電聯車系統,Tram System,車載通訊系統,電氣控制元件異常,薄型繼電器(Weidmueller MCZ R 24Vdc 1COTRAK),組件故障
TS,電聯車系統,Tram System,車載號誌系統,輔助速限裝置異常,其他,其他
TS,電聯車系統,Tram System,車載號誌系統,輔助速限裝置異常,ATP乙太網交換機,組件故障
TS,電聯車系統,Tram System,車載號誌系統,輔助速限裝置異常,ATP乙太網交換機,暫態(需重置)
TS,電聯車系統,Tram System,車載號誌系統,輔助速限裝置異常,ATP乙太網交換機,暫態(不需重置)
TS,電聯車系統,Tram System,車載號誌系統,輔助速限裝置異常,速度感測器,暫態(需重置)
TS,電聯車系統,Tram System,車載號誌系統,輔助速限裝置異常,速度感測器,暫態(不需重置)
TS,電聯車系統,Tram System,車載號誌系統,輔助速限裝置異常,速度感測器,組件故障
TS,電聯車系統,Tram System,車載號誌系統,輔助速限裝置異常,BPI界面轉換器,暫態(需重置)
TS,電聯車系統,Tram System,車載號誌系統,輔助速限裝置異常,BPI界面轉換器,暫態(不需重置)
TS,電聯車系統,Tram System,車載號誌系統,輔助速限裝置異常,BPI界面轉換器,組件故障
TS,電聯車系統,Tram System,車載號誌系統,輔助速限裝置異常,應答器天線,暫態(需重置)
TS,電聯車系統,Tram System,車載號誌系統,輔助速限裝置異常,應答器天線,暫態(不需重置)
TS,電聯車系統,Tram System,車載號誌系統,輔助速限裝置異常,應答器天線,組件故障
TS,電聯車系統,Tram System,車載號誌系統,輔助速限裝置異常,應答器天線,高度異常
TS,電聯車系統,Tram System,車載號誌系統,輔助速限裝置異常,速度監控HMI,暫態(需重置)
TS,電聯車系統,Tram System,車載號誌系統,輔助速限裝置異常,速度監控HMI,暫態(不需重置)
TS,電聯車系統,Tram System,車載號誌系統,輔助速限裝置異常,速度監控HMI,組件故障
TS,電聯車系統,Tram System,車載號誌系統,輔助速限裝置異常,速度轉換器 (GMU) ,暫態(需重置)
TS,電聯車系統,Tram System,車載號誌系統,輔助速限裝置異常,速度轉換器 (GMU) ,暫態(不需重置)
TS,電聯車系統,Tram System,車載號誌系統,輔助速限裝置異常,速度轉換器 (GMU) ,組件故障
TS,電聯車系統,Tram System,車載號誌系統,輔助速限裝置異常,中央控制單元(CCU),暫態(需重置)
TS,電聯車系統,Tram System,車載號誌系統,輔助速限裝置異常,中央控制單元(CCU),暫態(不需重置)
TS,電聯車系統,Tram System,車載號誌系統,輔助速限裝置異常,中央控制單元(CCU),組件故障
TS,電聯車系統,Tram System,車載號誌系統,輔助速限裝置異常,A212卡板(中央控制單元CCU),暫態(需重置)
TS,電聯車系統,Tram System,車載號誌系統,輔助速限裝置異常,A212卡板(中央控制單元CCU),暫態(不需重置)
TS,電聯車系統,Tram System,車載號誌系統,輔助速限裝置異常,A212卡板(中央控制單元CCU),板件故障
TS,電聯車系統,Tram System,車載號誌系統,輔助速限裝置異常,A212卡板(中央控制單元CCU),接觸不良
TS,電聯車系統,Tram System,車載號誌系統,輔助速限裝置異常,REL V3卡板(中央控制單元CCU),暫態(需重置)
TS,電聯車系統,Tram System,車載號誌系統,輔助速限裝置異常,REL V3卡板(中央控制單元CCU),暫態(不需重置)
TS,電聯車系統,Tram System,車載號誌系統,輔助速限裝置異常,REL V3卡板(中央控制單元CCU),板件故障
TS,電聯車系統,Tram System,車載號誌系統,輔助速限裝置異常,REL V3卡板(中央控制單元CCU),接觸不良
TS,電聯車系統,Tram System,車載號誌系統,輔助速限裝置異常,DIO-16A/15E卡板(中央控制單元CCU),暫態(需重置)
TS,電聯車系統,Tram System,車載號誌系統,輔助速限裝置異常,DIO-16A/15E卡板(中央控制單元CCU),暫態(不需重置)
TS,電聯車系統,Tram System,車載號誌系統,輔助速限裝置異常,DIO-16A/15E卡板(中央控制單元CCU),板件故障
TS,電聯車系統,Tram System,車載號誌系統,輔助速限裝置異常,DIO-16A/15E卡板(中央控制單元CCU),接觸不良
TS,電聯車系統,Tram System,車載號誌系統,輔助速限裝置異常,1030卡板(中央控制單元CCU),暫態(需重置)
TS,電聯車系統,Tram System,車載號誌系統,輔助速限裝置異常,1030卡板(中央控制單元CCU),暫態(不需重置)
TS,電聯車系統,Tram System,車載號誌系統,輔助速限裝置異常,1030卡板(中央控制單元CCU),接觸不良
TS,電聯車系統,Tram System,車載號誌系統,輔助速限裝置異常,1030卡板(中央控制單元CCU),板件故障
TS,電聯車系統,Tram System,車載號誌系統,輔助速限裝置異常,1092卡板(中央控制單元CCU),暫態(需重置)
TS,電聯車系統,Tram System,車載號誌系統,輔助速限裝置異常,1092卡板(中央控制單元CCU),暫態(不需重置)
TS,電聯車系統,Tram System,車載號誌系統,輔助速限裝置異常,1092卡板(中央控制單元CCU),接觸不良
TS,電聯車系統,Tram System,車載號誌系統,輔助速限裝置異常,1092卡板(中央控制單元CCU),板件故障
TS,電聯車系統,Tram System,車載號誌系統,輔助速限裝置異常,HIST V4卡版(中央控制單元(CCU),暫態(需重置)
TS,電聯車系統,Tram System,車載號誌系統,輔助速限裝置異常,HIST V4卡版(中央控制單元(CCU),暫態(不需重置)
TS,電聯車系統,Tram System,車載號誌系統,輔助速限裝置異常,HIST V4卡版(中央控制單元(CCU),接觸不良
TS,電聯車系統,Tram System,車載號誌系統,輔助速限裝置異常,HIST V4卡版(中央控制單元(CCU),板件故障
TS,電聯車系統,Tram System,車載號誌系統,輔助速限裝置異常,應答器天線(高度調整螺絲),遺失
TS,電聯車系統,Tram System,車載號誌系統,輔助速限裝置異常,應答器天線(高度調整螺絲),組件故障
TS,電聯車系統,Tram System,車載號誌系統,輔助速限裝置異常,應答器天線(高度調整支架),組件故障
